,observers,resids,max_resid,mean_resid,a,w
0,False,"tensor([[1.0479e-05, 3.1477e-05],
        [1.1955e-05, 3.2561e-05],
        [1.3542e-05, 3.3614e-05],
        ...,
        [2.1100e-03, 7.8093e-06],
        [2.1113e-03, 1.0547e-05],
        [2.1120e-03, 1.3705e-05]])",0.019528772681951523,0.0024128169752657413,0.10000000149011612,0.10000000149011612
1,False,"tensor([[1.2773e-05, 3.6052e-05],
        [1.3960e-05, 3.7728e-05],
        [1.5189e-05, 3.9409e-05],
        ...,
        [7.5651e-04, 5.5487e-05],
        [7.5404e-04, 5.8215e-05],
        [7.5135e-04, 6.1011e-05]])",0.00523014459758997,0.0005792689044028521,0.10000000149011612,0.15000000596046448
2,False,"tensor([[7.5543e-07, 2.0387e-05],
        [1.0601e-06, 2.1526e-05],
        [1.4262e-06, 2.2672e-05],
        ...,
        [3.0703e-03, 3.5850e-05],
        [3.0672e-03, 4.1286e-05],
        [3.0630e-03, 4.7120e-05]])",0.007442233618348837,0.0006703058024868369,0.10000000149011612,0.20000000298023224
3,False,"tensor([[5.3360e-06, 2.6191e-06],
        [5.5856e-06, 2.8816e-06],
        [5.8420e-06, 3.1554e-06],
        ...,
        [1.6276e-03, 6.7124e-06],
        [1.6301e-03, 8.7029e-06],
        [1.6318e-03, 1.0950e-05]])",0.0016318324487656355,9.517933358438313e-05,0.10000000149011612,0.25
4,False,"tensor([[5.0575e-06, 4.2460e-07],
        [4.9596e-06, 4.8577e-07],
        [4.8403e-06, 5.5145e-07],
        ...,
        [9.8814e-03, 1.1040e-05],
        [9.8890e-03, 1.8809e-05],
        [9.8931e-03, 2.8635e-05]])",0.00989306066185236,0.0007069100392982364,0.10000000149011612,0.30000001192092896
5,False,"tensor([[9.2239e-06, 1.0297e-06],
        [9.8030e-06, 9.4465e-07],
        [1.0387e-05, 8.5819e-07],
        ...,
        [2.3813e-04, 9.7941e-05],
        [2.3456e-04, 1.0524e-04],
        [2.3075e-04, 1.1270e-04]])",0.00048007015720941126,7.029209518805146e-05,0.10000000149011612,0.3499999940395355
6,False,"tensor([[1.0493e-05, 8.1452e-06],
        [1.0873e-05, 8.4137e-06],
        [1.1239e-05, 8.6694e-06],
        ...,
        [2.7660e-04, 2.1861e-04],
        [2.8355e-04, 2.1832e-04],
        [2.9068e-04, 2.1787e-04]])",0.0007737661944702268,0.00011281375191174448,0.10000000149011612,0.4000000059604645
7,False,"tensor([[1.1054e-05, 1.8549e-06],
        [1.1782e-05, 1.7297e-06],
        [1.2519e-05, 1.6027e-06],
        ...,
        [2.0278e-03, 7.0111e-04],
        [2.0652e-03, 6.9280e-04],
        [2.1029e-03, 6.8423e-04]])",0.0041280691511929035,0.000771195802371949,0.10000000149011612,0.44999998807907104
8,False,"tensor([[1.8058e-05, 5.5249e-07],
        [1.8973e-05, 5.4889e-07],
        [1.9897e-05, 5.4682e-07],
        ...,
        [1.8107e-02, 1.2449e-03],
        [1.8264e-02, 1.1614e-03],
        [1.8418e-02, 1.0809e-03]])",0.021847886964678764,0.0026858248747885227,0.10000000149011612,0.5
9,False,"tensor([[3.1683e-06, 3.7018e-06],
        [3.2703e-06, 3.8889e-06],
        [3.3628e-06, 4.0750e-06],
        ...,
        [5.5069e-05, 1.1090e-03],
        [4.7715e-05, 1.1194e-03],
        [4.0832e-05, 1.1293e-03]])",0.003033027984201908,0.00043832932715304196,0.10000000149011612,0.550000011920929
10,False,"tensor([[3.8732e-06, 4.0241e-07],
        [3.9515e-06, 4.1236e-07],
        [4.0191e-06, 4.1970e-07],
        ...,
        [7.7960e-04, 5.5824e-04],
        [8.0012e-04, 5.3589e-04],
        [8.2060e-04, 5.1391e-04]])",0.005168903153389692,0.0007734299288131297,0.10000000149011612,0.6000000238418579
11,False,"tensor([[2.4270e-06, 9.1295e-06],
        [2.3535e-06, 9.2848e-06],
        [2.2769e-06, 9.4154e-06],
        ...,
        [3.8061e-04, 2.0889e-03],
        [3.5388e-04, 2.1198e-03],
        [3.2788e-04, 2.1500e-03]])",0.004012844059616327,0.0004921856452710927,0.10000000149011612,0.6499999761581421
12,False,"tensor([[1.6516e-05, 2.4542e-06],
        [1.7258e-05, 2.6039e-06],
        [1.8006e-05, 2.7541e-06],
        ...,
        [1.0357e-03, 1.3285e-03],
        [1.0728e-03, 1.2956e-03],
        [1.1101e-03, 1.2628e-03]])",0.004702362231910229,0.0008193267858587205,0.10000000149011612,0.699999988079071
13,False,"tensor([[1.0144e-05, 5.4516e-06],
        [1.0029e-05, 5.5642e-06],
        [9.8853e-06, 5.6699e-06],
        ...,
        [8.0651e-04, 2.2922e-03],
        [8.5005e-04, 2.2659e-03],
        [8.9451e-04, 2.2390e-03]])",0.004496659152209759,0.0009047368075698614,0.10000000149011612,0.75
14,False,"tensor([[1.5813e-05, 1.0573e-05],
        [1.6928e-05, 1.0697e-05],
        [1.8086e-05, 1.0798e-05],
        ...,
        [1.8960e-02, 4.2042e-03],
        [1.8657e-02, 4.4797e-03],
        [1.8347e-02, 4.7625e-03]])",0.02951531857252121,0.005378603469580412,0.10000000149011612,0.800000011920929
15,False,"tensor([[1.5032e-06, 1.4464e-05],
        [1.7246e-06, 1.5157e-05],
        [1.9612e-06, 1.5835e-05],
        ...,
        [3.5050e-02, 2.5194e-03],
        [3.5350e-02, 2.2580e-03],
        [3.5635e-02, 2.0098e-03]])",0.15780434012413025,0.036656998097896576,0.10000000149011612,0.8500000238418579
16,False,"tensor([[4.6034e-04, 1.8636e-03],
        [5.3070e-04, 1.9960e-03],
        [6.0767e-04, 2.1333e-03],
        ...,
        [4.0409e+00, 1.1406e-01],
        [4.0611e+00, 1.0731e-01],
        [4.0807e+00, 1.0079e-01]])",9.933483123779297,2.053043842315674,0.10000000149011612,0.8999999761581421
17,False,"tensor([[3.5084e-10, 1.5852e-04],
        [2.1877e-08, 1.5829e-04],
        [1.0046e-07, 1.5787e-04],
        ...,
        [3.9451e+00, 3.3608e-01],
        [3.9087e+00, 3.6020e-01],
        [3.8712e+00, 3.8484e-01]])",4.415719032287598,0.661424994468689,0.10000000149011612,0.949999988079071
18,False,"tensor([[4.4476e-05, 1.1729e-04],
        [4.7955e-05, 1.2323e-04],
        [5.1596e-05, 1.2929e-04],
        ...,
        [5.1904e-02, 1.2293e-01],
        [5.4469e-02, 1.2074e-01],
        [5.7074e-02, 1.1850e-01]])",0.15610183775424957,0.02021649293601513,0.10000000149011612,1.0
19,False,"tensor([[2.4187e-05, 1.8808e-05],
        [2.4903e-05, 2.3332e-05],
        [2.5557e-05, 2.8296e-05],
        ...,
        [2.1556e-01, 5.0660e-02],
        [2.1882e-01, 4.8238e-02],
        [2.2202e-01, 4.5832e-02]])",0.2763466238975525,0.038844477385282516,0.10000000149011612,1.0499999523162842
20,False,"tensor([[8.0149e-07, 5.8864e-05],
        [1.1512e-06, 6.4289e-05],
        [1.5822e-06, 6.9966e-05],
        ...,
        [1.0390e-03, 1.6887e-01],
        [6.6956e-04, 1.6914e-01],
        [3.8087e-04, 1.6935e-01]])",0.17182309925556183,0.020194383338093758,0.10000000149011612,1.100000023841858
21,False,"tensor([[1.7053e-05, 1.3506e-06],
        [1.7599e-05, 2.3915e-06],
        [1.8085e-05, 3.7678e-06],
        ...,
        [8.1166e-02, 1.3518e-01],
        [8.4496e-02, 1.3235e-01],
        [8.7856e-02, 1.2946e-01]])",0.1858082413673401,0.025545058771967888,0.10000000149011612,1.149999976158142
22,False,"tensor([[1.9643e-06, 7.0915e-05],
        [2.3091e-06, 7.2049e-05],
        [2.6786e-06, 7.3006e-05],
        ...,
        [7.1084e-02, 1.2880e-02],
        [7.2048e-02, 1.1900e-02],
        [7.2983e-02, 1.0950e-02]])",0.07298307120800018,0.01039950828999281,0.10000000149011612,1.2000000476837158
23,False,"tensor([[3.8502e-07, 6.6226e-05],
        [6.4168e-07, 6.8324e-05],
        [9.5876e-07, 7.0285e-05],
        ...,
        [1.0763e-01, 1.4166e-02],
        [1.0643e-01, 1.5267e-02],
        [1.0518e-01, 1.6405e-02]])",0.16150695085525513,0.0295493695884943,0.10000000149011612,1.25
24,False,"tensor([[1.5016e-08, 2.6578e-05],
        [4.3062e-08, 3.0217e-05],
        [8.7614e-08, 3.4105e-05],
        ...,
        [8.3337e-03, 3.0345e-03],
        [8.4940e-03, 2.8996e-03],
        [8.6520e-03, 2.7632e-03]])",0.0478459969162941,0.0076829371973872185,0.10000000149011612,1.2999999523162842
25,False,"tensor([[4.1920e-07, 1.7957e-05],
        [2.9569e-07, 2.0893e-05],
        [1.8785e-07, 2.4068e-05],
        ...,
        [3.4580e-03, 2.2365e-02],
        [3.1861e-03, 2.2610e-02],
        [2.9238e-03, 2.2861e-02]])",0.13868989050388336,0.02465350180864334,0.10000000149011612,1.350000023841858
26,False,"tensor([[1.5725e-07, 2.6871e-04],
        [3.8759e-08, 2.8531e-04],
        [9.2090e-11, 3.0211e-04],
        ...,
        [4.3282e-05, 9.0350e-03],
        [2.5809e-05, 9.0451e-03],
        [1.2820e-05, 9.0445e-03]])",0.02205473557114601,0.005825381260365248,0.10000000149011612,1.399999976158142
27,False,"tensor([[1.3523e-05, 4.9541e-04],
        [1.7179e-05, 5.2010e-04],
        [2.1346e-05, 5.4452e-04],
        ...,
        [1.4277e-04, 1.2985e-03],
        [1.2993e-04, 1.3095e-03],
        [1.1768e-04, 1.3175e-03]])",0.02917277254164219,0.0053444504737854,0.10000000149011612,1.4500000476837158
28,False,"tensor([[9.9112e-06, 3.9854e-05],
        [1.1364e-05, 4.1542e-05],
        [1.2945e-05, 4.3214e-05],
        ...,
        [1.6768e-04, 1.7060e-04],
        [1.6359e-04, 1.6964e-04],
        [1.5962e-04, 1.6868e-04]])",0.021038366481661797,0.0028188335709273815,0.15000000596046448,0.10000000149011612
29,False,"tensor([[1.5530e-05, 2.9779e-05],
        [1.6857e-05, 3.1279e-05],
        [1.8219e-05, 3.2804e-05],
        ...,
        [7.0847e-04, 5.9968e-05],
        [7.0643e-04, 5.9207e-05],
        [7.0445e-04, 5.8484e-05]])",0.006100226193666458,0.0006433696835301816,0.15000000596046448,0.15000000596046448
30,False,"tensor([[7.1655e-08, 2.0811e-05],
        [1.7793e-07, 2.2385e-05],
        [3.3738e-07, 2.4011e-05],
        ...,
        [7.4975e-03, 2.2721e-05],
        [7.5231e-03, 1.7315e-05],
        [7.5473e-03, 1.2578e-05]])",0.010664377361536026,0.0009664703393355012,0.15000000596046448,0.20000000298023224
31,False,"tensor([[5.3011e-06, 9.1722e-07],
        [5.7345e-06, 1.0147e-06],
        [6.1899e-06, 1.1199e-06],
        ...,
        [2.1391e-03, 5.6287e-05],
        [2.1569e-03, 4.9403e-05],
        [2.1742e-03, 4.2896e-05]])",0.002174196531996131,8.912890189094469e-05,0.15000000596046448,0.25
32,False,"tensor([[2.0378e-06, 4.6761e-06],
        [1.8642e-06, 5.1907e-06],
        [1.6831e-06, 5.7341e-06],
        ...,
        [2.6357e-02, 7.7302e-04],
        [2.6528e-02, 6.9154e-04],
        [2.6693e-02, 6.1386e-04]])",0.026693062856793404,0.0018138709710910916,0.15000000596046448,0.30000001192092896
33,False,"tensor([[7.0383e-06, 3.3855e-07],
        [7.4635e-06, 3.0635e-07],
        [7.8841e-06, 2.7405e-07],
        ...,
        [2.5636e-05, 4.5381e-06],
        [2.5996e-05, 6.6794e-06],
        [2.6280e-05, 9.2109e-06]])",0.0018366469303146005,0.00022191196330823004,0.15000000596046448,0.3499999940395355
34,False,"tensor([[6.4038e-06, 4.8073e-06],
        [6.5843e-06, 5.0647e-06],
        [6.7517e-06, 5.3206e-06],
        ...,
        [5.7864e-04, 6.9515e-05],
        [5.8100e-04, 6.6847e-05],
        [5.8329e-04, 6.4142e-05]])",0.0008218995644710958,0.00011384516983525828,0.15000000596046448,0.4000000059604645
35,False,"tensor([[6.4162e-06, 3.5476e-10],
        [6.8359e-06, 8.1758e-09],
        [7.2542e-06, 2.6820e-08],
        ...,
        [6.9030e-03, 3.3555e-04],
        [6.9430e-03, 3.1588e-04],
        [6.9818e-03, 2.9661e-04]])",0.006981770042330027,0.0009992602281272411,0.15000000596046448,0.44999998807907104
36,False,"tensor([[1.6102e-05, 1.4467e-06],
        [1.6916e-05, 1.4475e-06],
        [1.7732e-05, 1.4478e-06],
        ...,
        [2.9894e-02, 1.2767e-03],
        [3.0086e-02, 1.1614e-03],
        [3.0271e-02, 1.0514e-03]])",0.030271228402853012,0.0031898871529847383,0.15000000596046448,0.5
37,False,"tensor([[2.5671e-06, 2.3799e-06],
        [2.6901e-06, 2.5283e-06],
        [2.8041e-06, 2.6741e-06],
        ...,
        [1.5324e-06, 2.8597e-04],
        [1.0142e-06, 2.8930e-04],
        [6.0022e-07, 2.9248e-04]])",0.0008778259507380426,0.00011654004629235715,0.15000000596046448,0.550000011920929
38,False,"tensor([[3.2806e-06, 1.8314e-07],
        [3.3495e-06, 1.8640e-07],
        [3.4104e-06, 1.8873e-07],
        ...,
        [1.3280e-04, 1.8415e-04],
        [1.3684e-04, 1.7724e-04],
        [1.4084e-04, 1.7037e-04]])",0.003072243183851242,0.00042030130862258375,0.15000000596046448,0.6000000238418579
39,False,"tensor([[5.9203e-07, 5.1102e-06],
        [6.9683e-07, 5.3071e-06],
        [8.1403e-07, 5.4983e-06],
        ...,
        [4.4611e-04, 3.4007e-04],
        [4.3416e-04, 3.6795e-04],
        [4.2196e-04, 3.9680e-04]])",0.005493182223290205,0.0007165957358665764,0.15000000596046448,0.6499999761581421
40,False,"tensor([[1.0694e-05, 4.1110e-07],
        [1.1457e-05, 4.1974e-07],
        [1.2235e-05, 4.2376e-07],
        ...,
        [1.6810e-03, 8.1859e-04],
        [1.7198e-03, 7.7856e-04],
        [1.7580e-03, 7.3918e-04]])",0.007389772217720747,0.0014578541740775108,0.15000000596046448,0.699999988079071
41,False,"tensor([[7.5670e-06, 2.0314e-05],
        [7.4709e-06, 2.1727e-05],
        [7.3427e-06, 2.3205e-05],
        ...,
        [5.6563e-04, 8.2385e-05],
        [5.7275e-04, 7.5657e-05],
        [5.7950e-04, 6.9139e-05]])",0.0040068840608000755,0.0006606813985854387,0.15000000596046448,0.75
42,False,"tensor([[7.4996e-06, 4.1079e-07],
        [7.6558e-06, 6.4518e-07],
        [7.8149e-06, 9.2709e-07],
        ...,
        [1.2264e-03, 1.1077e-03],
        [1.1876e-03, 1.1149e-03],
        [1.1495e-03, 1.1213e-03]])",0.06218578666448593,0.010273236781358719,0.15000000596046448,0.800000011920929
43,False,"tensor([[5.9143e-06, 2.3450e-04],
        [7.7272e-06, 2.5338e-04],
        [9.8508e-06, 2.7312e-04],
        ...,
        [1.1588e-01, 8.0175e-02],
        [1.1299e-01, 8.2089e-02],
        [1.1011e-01, 8.3972e-02]])",3.2432639598846436,0.2082202136516571,0.15000000596046448,0.8999999761581421
44,False,"tensor([[1.4325e-08, 7.2792e-05],
        [4.4824e-08, 8.0693e-05],
        [9.6583e-08, 8.9068e-05],
        ...,
        [6.0227e-04, 2.5858e-01],
        [2.7069e-04, 2.6015e-01],
        [6.9599e-05, 2.6160e-01]])",0.4383285343647003,0.04319757595658302,0.15000000596046448,0.949999988079071
45,False,"tensor([[4.8259e-05, 1.9777e-04],
        [4.4644e-05, 2.2209e-04],
        [4.0897e-05, 2.4732e-04],
        ...,
        [4.4350e-02, 2.1238e-02],
        [4.5294e-02, 2.0918e-02],
        [4.6239e-02, 2.0595e-02]])",0.10795512050390244,0.02403024025261402,0.15000000596046448,1.0
46,False,"tensor([[1.8710e-07, 3.0278e-05],
        [2.1305e-07, 3.2835e-05],
        [2.4298e-07, 3.5425e-05],
        ...,
        [1.7996e-01, 3.4894e-01],
        [1.8800e-01, 3.4420e-01],
        [1.9616e-01, 3.3929e-01]])",0.40928250551223755,0.08172319084405899,0.15000000596046448,1.0499999523162842
47,False,"tensor([[8.9655e-08, 4.2560e-05],
        [1.0192e-07, 4.3919e-05],
        [1.1676e-07, 4.5235e-05],
        ...,
        [2.0044e-03, 1.1844e-01],
        [1.5479e-03, 1.1833e-01],
        [1.1504e-03, 1.1820e-01]])",0.336550235748291,0.04530499130487442,0.15000000596046448,1.100000023841858
48,False,"tensor([[2.2364e-07, 4.5351e-05],
        [4.6301e-07, 4.7030e-05],
        [7.9659e-07, 4.8637e-05],
        ...,
        [6.0701e-01, 1.4772e-01],
        [5.9773e-01, 1.5684e-01],
        [5.8824e-01, 1.6610e-01]])",0.7456079721450806,0.08296182006597519,0.15000000596046448,1.149999976158142
49,False,"tensor([[2.4416e-09, 8.2621e-05],
        [7.0032e-09, 8.4602e-05],
        [4.7150e-08, 8.6441e-05],
        ...,
        [1.4409e-05, 2.7639e-01],
        [1.4234e-04, 2.7659e-01],
        [4.0273e-04, 2.7669e-01]])",0.2766910791397095,0.026569880545139313,0.15000000596046448,1.2000000476837158
50,False,"tensor([[4.1873e-06, 3.9497e-06],
        [4.5421e-06, 3.5622e-06],
        [4.8897e-06, 3.1849e-06],
        ...,
        [1.9373e-01, 2.3295e-01],
        [2.0047e-01, 2.2724e-01],
        [2.0724e-01, 2.2146e-01]])",0.3574090301990509,0.06039858236908913,0.15000000596046448,1.25
51,False,"tensor([[1.5922e-08, 1.6537e-06],
        [1.1833e-08, 2.2240e-06],
        [8.9590e-09, 2.8843e-06],
        ...,
        [6.5530e-02, 5.7733e-02],
        [6.7472e-02, 5.5583e-02],
        [6.9405e-02, 5.3426e-02]])",0.10792498290538788,0.011829651892185211,0.15000000596046448,1.2999999523162842
52,False,"tensor([[6.3193e-08, 9.0646e-05],
        [1.2678e-07, 9.8156e-05],
        [2.2023e-07, 1.0599e-04],
        ...,
        [2.2445e-01, 2.3337e-03],
        [2.2517e-01, 1.6693e-03],
        [2.2578e-01, 1.1134e-03]])",0.2583567202091217,0.04568915441632271,0.15000000596046448,1.350000023841858
53,False,"tensor([[1.7254e-07, 3.9600e-04],
        [1.4536e-08, 4.2471e-04],
        [3.4021e-08, 4.5421e-04],
        ...,
        [2.0958e-02, 1.3172e-02],
        [2.1490e-02, 1.2706e-02],
        [2.2019e-02, 1.2232e-02]])",0.08387850970029831,0.012357857078313828,0.15000000596046448,1.399999976158142
54,False,"tensor([[2.3888e-07, 2.6432e-04],
        [4.6736e-08, 2.7824e-04],
        [4.2637e-09, 2.9210e-04],
        ...,
        [4.4482e-03, 1.7103e-02],
        [4.7298e-03, 1.6880e-02],
        [5.0179e-03, 1.6639e-02]])",0.05368535965681076,0.00960610806941986,0.15000000596046448,1.4500000476837158
55,False,"tensor([[1.0996e-05, 5.6275e-05],
        [1.2582e-05, 5.9280e-05],
        [1.4312e-05, 6.2311e-05],
        ...,
        [5.5057e-05, 1.2755e-03],
        [6.3525e-05, 1.2432e-03],
        [7.2418e-05, 1.2109e-03]])",0.020523224025964737,0.0029034398030489683,0.20000000298023224,0.10000000149011612
56,False,"tensor([[1.5840e-05, 2.1631e-05],
        [1.7278e-05, 2.2786e-05],
        [1.8765e-05, 2.3975e-05],
        ...,
        [5.2602e-04, 2.5213e-04],
        [5.1655e-04, 2.4340e-04],
        [5.0749e-04, 2.3490e-04]])",0.008094418793916702,0.0007147876312956214,0.20000000298023224,0.15000000596046448
57,False,"tensor([[9.7133e-07, 9.2562e-06],
        [7.8609e-07, 1.0326e-05],
        [6.1182e-07, 1.1462e-05],
        ...,
        [8.9845e-03, 1.2218e-04],
        [9.0211e-03, 1.1457e-04],
        [9.0574e-03, 1.0697e-04]])",0.011581473983824253,0.0011563607258722186,0.20000000298023224,0.20000000298023224
58,False,"tensor([[5.3454e-06, 1.5666e-07],
        [5.8986e-06, 1.8001e-07],
        [6.4901e-06, 2.0573e-07],
        ...,
        [1.0647e-03, 2.3363e-04],
        [1.0812e-03, 2.2258e-04],
        [1.0977e-03, 2.1153e-04]])",0.001097720698453486,9.826360474107787e-05,0.20000000298023224,0.25
59,False,"tensor([[2.8071e-06, 5.3549e-06],
        [2.6826e-06, 6.1193e-06],
        [2.5388e-06, 6.9469e-06],
        ...,
        [2.3993e-02, 5.0679e-03],
        [2.4335e-02, 4.8726e-03],
        [2.4674e-02, 4.6777e-03]])",0.02467435970902443,0.0027435077354311943,0.20000000298023224,0.30000001192092896
60,False,"tensor([[7.5024e-06, 8.1223e-07],
        [8.0782e-06, 7.7591e-07],
        [8.6606e-06, 7.3920e-07],
        ...,
        [1.2939e-09, 7.1722e-05],
        [3.5583e-08, 6.1623e-05],
        [1.1272e-07, 5.2240e-05]])",0.004476278088986874,0.0005269981338642538,0.20000000298023224,0.3499999940395355
61,False,"tensor([[2.5796e-06, 3.1650e-06],
        [2.6875e-06, 3.4635e-06],
        [2.7877e-06, 3.7776e-06],
        ...,
        [3.4969e-04, 1.3761e-04],
        [3.5437e-04, 1.3309e-04],
        [3.5882e-04, 1.2858e-04]])",0.0025681646075099707,0.00021926089539192617,0.20000000298023224,0.4000000059604645
62,False,"tensor([[5.7095e-06, 3.2487e-09],
        [6.2583e-06, 1.3350e-09],
        [6.8188e-06, 1.7470e-08],
        ...,
        [9.9034e-03, 9.9611e-04],
        [9.9962e-03, 9.5808e-04],
        [1.0087e-02, 9.2028e-04]])",0.01008697785437107,0.0014985271263867617,0.20000000298023224,0.44999998807907104
63,False,"tensor([[6.8896e-06, 4.8358e-06],
        [7.4549e-06, 5.0341e-06],
        [8.0334e-06, 5.2317e-06],
        ...,
        [4.4804e-02, 3.8100e-03],
        [4.5178e-02, 3.5316e-03],
        [4.5538e-02, 3.2624e-03]])",0.04553842544555664,0.004510605242103338,0.20000000298023224,0.5
64,False,"tensor([[6.0118e-06, 9.8220e-07],
        [6.4616e-06, 1.1049e-06],
        [6.9172e-06, 1.2326e-06],
        ...,
        [2.8722e-05, 9.1144e-06],
        [2.7823e-05, 1.0081e-05],
        [2.6940e-05, 1.1118e-05]])",0.0005960066337138414,6.955591379664838e-05,0.20000000298023224,0.550000011920929
65,False,"tensor([[2.5043e-06, 7.7588e-08],
        [2.6468e-06, 7.1543e-08],
        [2.7886e-06, 6.5961e-08],
        ...,
        [3.7063e-06, 2.6240e-05],
        [3.2140e-06, 2.5498e-05],
        [2.7593e-06, 2.4779e-05]])",0.0022118736524134874,0.00021794746862724423,0.20000000298023224,0.6000000238418579
66,False,"tensor([[1.5792e-05, 1.8477e-06],
        [1.6668e-05, 2.1035e-06],
        [1.7572e-05, 2.3730e-06],
        ...,
        [9.5945e-04, 1.5998e-02],
        [8.3477e-04, 1.5811e-02],
        [7.1959e-04, 1.5617e-02]])",0.08894502371549606,0.00902903638780117,0.20000000298023224,0.6499999761581421
67,False,"tensor([[8.4319e-07, 9.1997e-06],
        [6.1047e-07, 9.3916e-06],
        [4.0571e-07, 9.5707e-06],
        ...,
        [3.6635e-03, 2.5786e-03],
        [3.5792e-03, 2.6067e-03],
        [3.4953e-03, 2.6335e-03]])",0.015018698759377003,0.0016918862238526344,0.20000000298023224,0.699999988079071
68,False,"tensor([[2.0044e-06, 7.4300e-08],
        [2.0632e-06, 6.4277e-08],
        [2.1212e-06, 5.4634e-08],
        ...,
        [3.4886e-03, 1.2621e-03],
        [3.4189e-03, 1.3164e-03],
        [3.3484e-03, 1.3707e-03]])",0.004849170800298452,0.0006514261476695538,0.20000000298023224,0.75
69,False,"tensor([[3.8333e-06, 2.6694e-05],
        [4.7354e-06, 3.0246e-05],
        [5.7396e-06, 3.4180e-05],
        ...,
        [5.1034e+00, 1.3706e+00],
        [5.0203e+00, 1.4057e+00],
        [4.9369e+00, 1.4409e+00]])",18.86086654663086,2.806173086166382,0.20000000298023224,0.949999988079071
70,False,"tensor([[1.1596e-06, 1.1558e-04],
        [1.6082e-06, 1.1194e-04],
        [2.1179e-06, 1.0800e-04],
        ...,
        [3.8638e-01, 3.6252e-01],
        [3.9831e-01, 3.5689e-01],
        [4.1034e-01, 3.5113e-01]])",2.2357382774353027,0.2568308711051941,0.20000000298023224,1.0
71,False,"tensor([[1.3570e-05, 2.9317e-05],
        [1.4952e-05, 2.9050e-05],
        [1.6398e-05, 2.8698e-05],
        ...,
        [2.2697e-02, 2.6434e-02],
        [2.3481e-02, 2.5932e-02],
        [2.4270e-02, 2.5434e-02]])",0.12561456859111786,0.015307907946407795,0.20000000298023224,1.0499999523162842
72,False,"tensor([[6.8188e-05, 8.1622e-05],
        [7.4943e-05, 9.0086e-05],
        [8.2099e-05, 9.8956e-05],
        ...,
        [9.5142e-02, 5.8362e-01],
        [1.0271e-01, 5.8168e-01],
        [1.1055e-01, 5.7954e-01]])",0.5929829478263855,0.09172915667295456,0.20000000298023224,1.100000023841858
73,False,"tensor([[1.6218e-06, 1.1077e-04],
        [2.1702e-06, 1.2607e-04],
        [2.8286e-06, 1.4246e-04],
        ...,
        [2.0960e-01, 1.6664e-01],
        [2.0377e-01, 1.7044e-01],
        [1.9796e-01, 1.7422e-01]])",0.912831723690033,0.1292412132024765,0.20000000298023224,1.149999976158142
74,False,"tensor([[7.5368e-06, 1.2062e-05],
        [7.6375e-06, 1.0152e-05],
        [7.7472e-06, 8.3259e-06],
        ...,
        [8.5286e-01, 1.0459e-01],
        [8.6228e-01, 9.6139e-02],
        [8.7138e-01, 8.7956e-02]])",1.0535639524459839,0.11224988847970963,0.20000000298023224,1.2000000476837158
75,False,"tensor([[1.0250e-05, 3.8800e-05],
        [1.1125e-05, 3.8485e-05],
        [1.2004e-05, 3.8074e-05],
        ...,
        [6.7374e-02, 1.7374e-01],
        [6.4074e-02, 1.7542e-01],
        [6.0841e-02, 1.7700e-01]])",0.2690559923648834,0.03256700187921524,0.20000000298023224,1.25
76,False,"tensor([[8.1923e-06, 3.0113e-07],
        [8.6369e-06, 4.2684e-07],
        [9.0962e-06, 5.8097e-07],
        ...,
        [1.3152e-02, 4.8126e-01],
        [1.5760e-02, 4.7931e-01],
        [1.8598e-02, 4.7716e-01]])",0.4900399446487427,0.055331163108348846,0.20000000298023224,1.2999999523162842
77,False,"tensor([[7.6686e-06, 2.5092e-05],
        [8.6317e-06, 2.7580e-05],
        [9.6646e-06, 3.0216e-05],
        ...,
        [1.5574e-01, 3.3190e-01],
        [1.6299e-01, 3.2544e-01],
        [1.7034e-01, 3.1883e-01]])",0.4379352629184723,0.05344638228416443,0.20000000298023224,1.350000023841858
78,False,"tensor([[4.8322e-08, 1.6993e-04],
        [1.4303e-07, 1.8583e-04],
        [2.9940e-07, 2.0254e-04],
        ...,
        [8.1206e-02, 1.6182e-01],
        [8.4845e-02, 1.5855e-01],
        [8.8524e-02, 1.5518e-01]])",0.20043247938156128,0.02637380175292492,0.20000000298023224,1.399999976158142
79,False,"tensor([[1.1851e-07, 4.4121e-05],
        [1.5490e-07, 4.5475e-05],
        [1.9473e-07, 4.6725e-05],
        ...,
        [4.8023e-03, 9.0912e-02],
        [5.4780e-03, 8.9863e-02],
        [6.1936e-03, 8.8726e-02]])",0.09631586819887161,0.017895428463816643,0.20000000298023224,1.4500000476837158
80,False,"tensor([[1.1787e-05, 5.1931e-05],
        [1.3283e-05, 5.5575e-05],
        [1.4911e-05, 5.9328e-05],
        ...,
        [4.8378e-05, 6.8780e-03],
        [3.2046e-05, 6.7731e-03],
        [1.9139e-05, 6.6670e-03]])",0.03974919021129608,0.0040539102628827095,0.25,0.10000000149011612
81,False,"tensor([[9.7188e-06, 1.9245e-05],
        [1.0972e-05, 2.0137e-05],
        [1.2300e-05, 2.1054e-05],
        ...,
        [1.0145e-03, 7.6526e-04],
        [9.8841e-04, 7.4512e-04],
        [9.6298e-04, 7.2524e-04]])",0.00979209877550602,0.0007661281269975007,0.25,0.15000000596046448
82,False,"tensor([[5.7127e-06, 1.0366e-06],
        [5.6724e-06, 1.3518e-06],
        [5.6039e-06, 1.7126e-06],
        ...,
        [1.0450e-02, 8.5439e-05],
        [1.0480e-02, 8.6070e-05],
        [1.0509e-02, 8.6500e-05]])",0.013080698437988758,0.0014617177657783031,0.25,0.20000000298023224
83,False,"tensor([[1.2062e-06, 5.8663e-11],
        [1.4528e-06, 4.3210e-10],
        [1.7287e-06, 1.1665e-09],
        ...,
        [1.9036e-04, 1.4210e-04],
        [1.9494e-04, 1.4025e-04],
        [1.9948e-04, 1.3827e-04]])",0.0008304633665829897,0.00010028431279351935,0.25,0.25
84,False,"tensor([[1.3131e-06, 2.0291e-06],
        [1.3497e-06, 2.4585e-06],
        [1.3749e-06, 2.9393e-06],
        ...,
        [1.0814e-02, 2.0516e-02],
        [1.1282e-02, 2.0249e-02],
        [1.1756e-02, 1.9974e-02]])",0.028824059292674065,0.005287862848490477,0.25,0.30000001192092896
85,False,"tensor([[3.6699e-06, 3.5718e-06],
        [4.2476e-06, 3.5506e-06],
        [4.8658e-06, 3.5246e-06],
        ...,
        [1.3981e-04, 2.7022e-04],
        [1.3584e-04, 2.5543e-04],
        [1.3208e-04, 2.4091e-04]])",0.007237916346639395,0.0006788566242903471,0.25,0.3499999940395355
86,False,"tensor([[3.6098e-07, 2.2701e-06],
        [4.1970e-07, 2.5403e-06],
        [4.7970e-07, 2.8319e-06],
        ...,
        [1.4675e-05, 1.8588e-04],
        [1.2447e-05, 1.8265e-04],
        [1.0424e-05, 1.7942e-04]])",0.003576570888981223,0.00028941151686012745,0.25,0.4000000059604645
87,False,"tensor([[3.8711e-07, 4.1800e-06],
        [6.1481e-07, 4.0815e-06],
        [8.9720e-07, 3.9603e-06],
        ...,
        [8.2305e-03, 1.6878e-03],
        [8.3647e-03, 1.6675e-03],
        [8.4989e-03, 1.6468e-03]])",0.018267476931214333,0.002397464355453849,0.25,0.44999998807907104
88,False,"tensor([[3.5137e-07, 8.5072e-06],
        [4.8003e-07, 9.0970e-06],
        [6.3033e-07, 9.7063e-06],
        ...,
        [5.1623e-02, 2.4670e-02],
        [5.2721e-02, 2.3886e-02],
        [5.3812e-02, 2.3106e-02]])",0.06845757365226746,0.007238682359457016,0.25,0.5
89,False,"tensor([[3.1783e-06, 1.1441e-08],
        [3.7389e-06, 2.6488e-08],
        [4.3558e-06, 4.9270e-08],
        ...,
        [1.3652e-04, 4.7537e-06],
        [1.3702e-04, 4.5963e-06],
        [1.3744e-04, 4.4480e-06]])",0.000821920286398381,9.166722156805918e-05,0.25,0.550000011920929
90,False,"tensor([[8.3205e-08, 1.9819e-06],
        [9.6718e-08, 1.9000e-06],
        [1.1168e-07, 1.8118e-06],
        ...,
        [7.4219e-05, 8.0371e-05],
        [7.8115e-05, 7.9855e-05],
        [8.2093e-05, 7.9351e-05]])",0.005263512954115868,0.000761150848120451,0.25,0.6000000238418579
91,False,"tensor([[3.0192e-06, 5.2703e-06],
        [3.3545e-06, 5.3360e-06],
        [3.7159e-06, 5.3954e-06],
        ...,
        [2.2811e-02, 7.2685e-03],
        [2.2409e-02, 7.5931e-03],
        [2.2000e-02, 7.9191e-03]])",0.03067122958600521,0.005574442911893129,0.25,0.6499999761581421
92,False,"tensor([[2.0479e-06, 8.0743e-06],
        [1.8428e-06, 9.0599e-06],
        [1.6355e-06, 1.0114e-05],
        ...,
        [5.0151e-04, 6.9738e-04],
        [5.1847e-04, 6.7373e-04],
        [5.3548e-04, 6.4978e-04]])",0.008282178081572056,0.0012862223666161299,0.25,0.699999988079071
93,False,"tensor([[2.7044e-05, 1.0789e-05],
        [2.9859e-05, 1.4117e-05],
        [3.2911e-05, 1.8015e-05],
        ...,
        [1.1974e+00, 5.0483e-03],
        [1.1957e+00, 6.8242e-03],
        [1.1937e+00, 8.8677e-03]])",7.197343349456787,1.0296030044555664,0.25,0.949999988079071
94,False,"tensor([[5.4134e-07, 5.4533e-04],
        [1.1483e-06, 5.6794e-04],
        [1.9767e-06, 5.9035e-04],
        ...,
        [4.0886e-02, 1.0698e-01],
        [3.8843e-02, 1.0850e-01],
        [3.6837e-02, 1.0997e-01]])",1.0588759183883667,0.05821233242750168,0.25,1.0
95,False,"tensor([[1.2598e-05, 8.5158e-05],
        [1.2146e-05, 8.2372e-05],
        [1.1709e-05, 7.9202e-05],
        ...,
        [1.5528e-01, 2.2056e-01],
        [1.6119e-01, 2.1796e-01],
        [1.6716e-01, 2.1526e-01]])",0.5920414924621582,0.06526592373847961,0.25,1.0499999523162842
96,False,"tensor([[7.5598e-06, 8.8571e-05],
        [8.3569e-06, 1.0066e-04],
        [9.2297e-06, 1.1352e-04],
        ...,
        [2.8341e-01, 6.1573e-01],
        [2.9662e-01, 6.0740e-01],
        [3.1003e-01, 5.9892e-01]])",2.23283052444458,0.24043169617652893,0.25,1.100000023841858
97,False,"tensor([[1.3969e-06, 7.7345e-05],
        [1.5310e-06, 7.7425e-05],
        [1.6652e-06, 7.7340e-05],
        ...,
        [7.5834e-03, 7.5756e-01],
        [1.0124e-02, 7.5926e-01],
        [1.3035e-02, 7.6080e-01]])",0.760803759098053,0.08506450802087784,0.25,1.149999976158142
98,False,"tensor([[5.7900e-06, 1.9426e-05],
        [6.0598e-06, 1.9279e-05],
        [6.3058e-06, 1.8973e-05],
        ...,
        [2.4393e-01, 1.1762e-03],
        [2.4354e-01, 1.7386e-03],
        [2.4303e-01, 2.4092e-03]])",0.3874770998954773,0.050190020352602005,0.25,1.2000000476837158
99,False,"tensor([[1.8456e-07, 2.1348e-04],
        [3.9327e-07, 2.1905e-04],
        [6.8803e-07, 2.2425e-04],
        ...,
        [1.6705e-02, 2.4618e-01],
        [1.8794e-02, 2.4555e-01],
        [2.1003e-02, 2.4486e-01]])",0.47009173035621643,0.05379229038953781,0.25,1.25
100,False,"tensor([[1.3550e-05, 8.2607e-08],
        [1.4470e-05, 3.2117e-07],
        [1.5402e-05, 6.9792e-07],
        ...,
        [7.0357e-01, 3.4535e-02],
        [6.9888e-01, 3.9118e-02],
        [6.9390e-01, 4.3954e-02]])",0.7362575531005859,0.08388849347829819,0.25,1.2999999523162842
101,False,"tensor([[9.5137e-06, 9.9185e-05],
        [1.0868e-05, 1.0759e-04],
        [1.2365e-05, 1.1626e-04],
        ...,
        [7.1994e-03, 1.6884e-01],
        [6.1792e-03, 1.6853e-01],
        [5.2376e-03, 1.6810e-01]])",0.16913597285747528,0.01734360121190548,0.25,1.350000023841858
102,False,"tensor([[6.2598e-07, 2.6574e-06],
        [5.7464e-07, 3.8409e-06],
        [5.0955e-07, 5.2595e-06],
        ...,
        [1.5526e-03, 2.4439e-01],
        [1.0042e-03, 2.4533e-01],
        [5.7429e-04, 2.4616e-01]])",0.24615564942359924,0.025306012481451035,0.25,1.399999976158142
103,False,"tensor([[2.4406e-08, 3.7657e-06],
        [3.1634e-08, 3.2133e-06],
        [3.8877e-08, 2.6600e-06],
        ...,
        [1.5027e-02, 1.6558e-01],
        [1.6626e-02, 1.6356e-01],
        [1.8295e-02, 1.6143e-01]])",0.18106092512607574,0.016659025102853775,0.25,1.4500000476837158
104,False,"tensor([[1.1376e-05, 4.1134e-05],
        [1.2699e-05, 4.4563e-05],
        [1.4132e-05, 4.8188e-05],
        ...,
        [3.9242e-03, 1.7416e-02],
        [3.6811e-03, 1.7349e-02],
        [3.4460e-03, 1.7276e-02]])",0.056211601942777634,0.004986688029021025,0.30000001192092896,0.10000000149011612
105,False,"tensor([[2.0691e-06, 2.6553e-05],
        [2.6354e-06, 2.7550e-05],
        [3.2844e-06, 2.8555e-05],
        ...,
        [2.6056e-03, 2.6540e-03],
        [2.5355e-03, 2.6183e-03],
        [2.4668e-03, 2.5820e-03]])",0.013364618644118309,0.000917024735826999,0.30000001192092896,0.15000000596046448
106,False,"tensor([[9.1007e-06, 3.8825e-06],
        [9.7428e-06, 3.5868e-06],
        [1.0389e-05, 3.2878e-06],
        ...,
        [9.6807e-03, 2.6200e-04],
        [9.6496e-03, 2.5112e-04],
        [9.6193e-03, 2.4042e-04]])",0.015618757344782352,0.0014719190075993538,0.30000001192092896,0.20000000298023224
107,False,"tensor([[1.5466e-07, 1.0176e-06],
        [9.8969e-08, 9.9361e-07],
        [5.4203e-08, 9.6992e-07],
        ...,
        [5.4117e-04, 3.4294e-04],
        [5.3236e-04, 3.3821e-04],
        [5.2361e-04, 3.3342e-04]])",0.0025490978732705116,0.0002784105308819562,0.30000001192092896,0.25
108,False,"tensor([[7.3946e-07, 3.0655e-07],
        [6.7677e-07, 4.3608e-07],
        [6.1762e-07, 5.9378e-07],
        ...,
        [2.7205e-03, 7.0282e-02],
        [2.3035e-03, 7.0461e-02],
        [1.9206e-03, 7.0615e-02]])",0.09024965763092041,0.013485753908753395,0.30000001192092896,0.30000001192092896
109,False,"tensor([[1.0253e-07, 1.2901e-05],
        [2.5837e-08, 1.3297e-05],
        [3.5252e-12, 1.3678e-05],
        ...,
        [7.0854e-04, 4.3267e-04],
        [6.9117e-04, 4.2497e-04],
        [6.7435e-04, 4.1719e-04]])",0.006903165485709906,0.000814139551948756,0.30000001192092896,0.3499999940395355
110,False,"tensor([[1.2291e-08, 1.8971e-06],
        [3.8426e-09, 2.0208e-06],
        [2.0978e-10, 2.1537e-06],
        ...,
        [5.2856e-04, 5.4828e-05],
        [5.2549e-04, 5.5005e-05],
        [5.2227e-04, 5.5118e-05]])",0.002118195639923215,0.0002623051987029612,0.30000001192092896,0.4000000059604645
111,False,"tensor([[3.5495e-06, 9.2511e-06],
        [3.1351e-06, 1.0067e-05],
        [2.7252e-06, 1.0904e-05],
        ...,
        [7.3114e-03, 7.4332e-05],
        [7.2763e-03, 7.1417e-05],
        [7.2421e-03, 6.8464e-05]])",0.035255495458841324,0.0041554952040314674,0.30000001192092896,0.44999998807907104
112,False,"tensor([[1.3907e-06, 1.2603e-05],
        [1.2308e-06, 1.3498e-05],
        [1.0751e-06, 1.4435e-05],
        ...,
        [2.3068e-03, 7.0863e-02],
        [2.7107e-03, 7.0356e-02],
        [3.1457e-03, 6.9824e-02]])",0.10382100194692612,0.009434854611754417,0.30000001192092896,0.5
113,False,"tensor([[7.0571e-06, 2.7201e-08],
        [6.6640e-06, 1.6868e-08],
        [6.2503e-06, 9.8017e-09],
        ...,
        [3.6452e-04, 8.4793e-05],
        [3.6095e-04, 8.5405e-05],
        [3.5746e-04, 8.6014e-05]])",0.0018021425930783153,0.0002267404634039849,0.30000001192092896,0.550000011920929
114,False,"tensor([[1.4895e-06, 3.6832e-07],
        [1.4610e-06, 6.4241e-07],
        [1.4338e-06, 1.0005e-06],
        ...,
        [6.9570e-03, 2.7632e-04],
        [6.9182e-03, 3.1668e-04],
        [6.8765e-03, 3.5967e-04]])",0.0080444710329175,0.0011477464577183127,0.30000001192092896,0.6000000238418579
115,False,"tensor([[3.5088e-07, 3.2996e-06],
        [3.5360e-07, 3.4212e-06],
        [3.5559e-07, 3.5500e-06],
        ...,
        [1.0801e-01, 7.8154e-03],
        [1.0893e-01, 7.1750e-03],
        [1.0982e-01, 6.5575e-03]])",0.10982031375169754,0.012983616441488266,0.30000001192092896,0.6499999761581421
116,False,"tensor([[7.8794e-06, 9.0309e-06],
        [8.2668e-06, 9.2099e-06],
        [8.6787e-06, 9.3963e-06],
        ...,
        [1.6379e-03, 3.0813e-03],
        [1.7014e-03, 3.0300e-03],
        [1.7651e-03, 2.9785e-03]])",0.006221849471330643,0.0014548650942742825,0.30000001192092896,0.699999988079071
117,False,"tensor([[5.8495e-06, 1.3576e-04],
        [7.7381e-06, 1.6459e-04],
        [1.0073e-05, 1.9700e-04],
        ...,
        [3.4650e+00, 3.3684e-02],
        [3.4754e+00, 3.1314e-02],
        [3.4855e+00, 2.8959e-02]])",5.309638500213623,0.7603827118873596,0.30000001192092896,1.0
118,False,"tensor([[4.7088e-05, 3.6580e-04],
        [5.0978e-05, 3.9924e-04],
        [5.5195e-05, 4.3404e-04],
        ...,
        [1.7047e-01, 4.3761e-01],
        [1.6190e-01, 4.3802e-01],
        [1.5355e-01, 4.3838e-01]])",4.212526321411133,0.35092875361442566,0.30000001192092896,1.0499999523162842
119,False,"tensor([[8.9280e-06, 3.2383e-04],
        [1.0824e-05, 3.6029e-04],
        [1.3015e-05, 3.9900e-04],
        ...,
        [6.2987e-02, 4.3657e-01],
        [6.8404e-02, 4.3635e-01],
        [7.4045e-02, 4.3594e-01]])",0.43661636114120483,0.03777465224266052,0.30000001192092896,1.100000023841858
120,False,"tensor([[1.9567e-05, 4.7402e-05],
        [2.0908e-05, 4.3030e-05],
        [2.2238e-05, 3.8564e-05],
        ...,
        [9.7071e-03, 2.1456e-01],
        [1.1215e-02, 2.1342e-01],
        [1.2827e-02, 2.1224e-01]])",0.6572257876396179,0.05459493771195412,0.30000001192092896,1.149999976158142
121,False,"tensor([[8.7407e-05, 9.5733e-06],
        [9.4557e-05, 1.0366e-05],
        [1.0197e-04, 1.1232e-05],
        ...,
        [1.5352e-01, 2.6029e+00],
        [1.7417e-01, 2.5983e+00],
        [1.9611e-01, 2.5929e+00]])",2.757120370864868,0.422095388174057,0.30000001192092896,1.2000000476837158
122,False,"tensor([[4.7786e-05, 1.4260e-05],
        [5.0851e-05, 1.6353e-05],
        [5.4057e-05, 1.8641e-05],
        ...,
        [3.2285e-01, 3.6989e-02],
        [3.2635e-01, 3.3738e-02],
        [3.2970e-01, 3.0602e-02]])",0.3438604474067688,0.040645450353622437,0.30000001192092896,1.25
123,False,"tensor([[1.2400e-06, 1.1307e-06],
        [1.3865e-06, 1.5000e-06],
        [1.5417e-06, 1.9878e-06],
        ...,
        [3.2905e-03, 8.1805e-01],
        [1.8532e-03, 8.1974e-01],
        [8.2494e-04, 8.2126e-01]])",1.467760443687439,0.19119010865688324,0.30000001192092896,1.2999999523162842
124,False,"tensor([[1.5303e-06, 2.8439e-07],
        [1.4388e-06, 6.9355e-07],
        [1.3542e-06, 1.2967e-06],
        ...,
        [3.4157e-01, 3.4716e-02],
        [3.4516e-01, 3.2633e-02],
        [3.4867e-01, 3.0590e-02]])",0.5380180478096008,0.07436536997556686,0.30000001192092896,1.350000023841858
125,False,"tensor([[2.9300e-05, 5.6255e-04],
        [3.5433e-05, 5.8933e-04],
        [4.2258e-05, 6.1574e-04],
        ...,
        [7.0297e-02, 9.7050e-02],
        [6.7780e-02, 9.7803e-02],
        [6.5300e-02, 9.8466e-02]])",0.2922918498516083,0.041229236871004105,0.30000001192092896,1.399999976158142
126,False,"tensor([[4.6551e-06, 4.5165e-08],
        [4.7111e-06, 1.7133e-08],
        [4.7651e-06, 1.7483e-09],
        ...,
        [6.3895e-03, 3.1939e-01],
        [5.0693e-03, 3.1838e-01],
        [3.9035e-03, 3.1714e-01]])",0.3360746204853058,0.03721855580806732,0.30000001192092896,1.4500000476837158
127,False,"tensor([[1.4640e-05, 1.8002e-05],
        [1.5808e-05, 1.9081e-05],
        [1.7049e-05, 2.0234e-05],
        ...,
        [3.1012e-02, 2.3312e-02],
        [3.0195e-02, 2.3712e-02],
        [2.9382e-02, 2.4102e-02]])",0.08276867866516113,0.007198190316557884,0.3499999940395355,0.10000000149011612
128,False,"tensor([[1.6365e-07, 4.0281e-05],
        [2.8585e-07, 4.2513e-05],
        [4.4932e-07, 4.4755e-05],
        ...,
        [9.6069e-03, 3.9356e-03],
        [9.4199e-03, 3.9855e-03],
        [9.2344e-03, 4.0325e-03]])",0.01872008480131626,0.0011924352729693055,0.3499999940395355,0.15000000596046448
129,False,"tensor([[3.0559e-06, 2.3813e-05],
        [3.6812e-06, 2.4980e-05],
        [4.3737e-06, 2.6099e-05],
        ...,
        [1.1969e-02, 4.0579e-04],
        [1.1904e-02, 4.0756e-04],
        [1.1840e-02, 4.0883e-04]])",0.015188610181212425,0.0014048661105334759,0.3499999940395355,0.20000000298023224
130,False,"tensor([[3.2607e-06, 1.3021e-05],
        [3.1596e-06, 1.3429e-05],
        [3.0460e-06, 1.3827e-05],
        ...,
        [9.3481e-03, 2.2051e-03],
        [9.2133e-03, 2.2320e-03],
        [9.0793e-03, 2.2576e-03]])",0.016008462756872177,0.0010898853652179241,0.3499999940395355,0.25
131,False,"tensor([[1.1949e-05, 7.9298e-09],
        [1.2299e-05, 7.9510e-09],
        [1.2638e-05, 8.5906e-09],
        ...,
        [1.4882e-01, 4.7540e-02],
        [1.4619e-01, 4.9999e-02],
        [1.4351e-01, 5.2493e-02]])",0.20160788297653198,0.028648246079683304,0.3499999940395355,0.30000001192092896
132,False,"tensor([[5.2853e-06, 3.2192e-05],
        [4.8638e-06, 3.4426e-05],
        [4.4280e-06, 3.6715e-05],
        ...,
        [3.1685e-04, 3.6310e-05],
        [3.1871e-04, 3.6721e-05],
        [3.2055e-04, 3.7167e-05]])",0.01115900743752718,0.0006917911232449114,0.3499999940395355,0.3499999940395355
133,False,"tensor([[1.4756e-08, 8.9019e-06],
        [3.3834e-08, 9.1074e-06],
        [6.1482e-08, 9.3065e-06],
        ...,
        [6.1318e-04, 3.1660e-05],
        [6.0970e-04, 3.2655e-05],
        [6.0630e-04, 3.3700e-05]])",0.0024757415521889925,0.0003259849618189037,0.3499999940395355,0.4000000059604645
134,False,"tensor([[8.2072e-06, 1.4396e-08],
        [8.6693e-06, 2.7338e-08],
        [9.1216e-06, 4.7124e-08],
        ...,
        [2.7046e-02, 2.9814e-03],
        [2.6770e-02, 3.1334e-03],
        [2.6487e-02, 3.2862e-03]])",0.06342113018035889,0.0057914527133107185,0.3499999940395355,0.44999998807907104
135,False,"tensor([[5.6357e-07, 9.6245e-06],
        [5.4191e-07, 1.0499e-05],
        [5.1811e-07, 1.1417e-05],
        ...,
        [1.2885e-01, 2.8012e-02],
        [1.2698e-01, 2.8997e-02],
        [1.2509e-01, 2.9982e-02]])",0.17567504942417145,0.011183696798980236,0.3499999940395355,0.5
136,False,"tensor([[4.3632e-05, 5.0677e-06],
        [4.6203e-05, 5.3501e-06],
        [4.8811e-05, 5.6293e-06],
        ...,
        [1.0090e-02, 1.2410e-05],
        [1.0100e-02, 6.9476e-06],
        [1.0108e-02, 3.0277e-06]])",0.010107873007655144,0.0009924654150381684,0.3499999940395355,0.550000011920929
137,False,"tensor([[1.9855e-05, 3.7004e-05],
        [2.1290e-05, 3.9034e-05],
        [2.2766e-05, 4.1040e-05],
        ...,
        [8.2970e-02, 1.5302e-02],
        [8.4226e-02, 1.4548e-02],
        [8.5463e-02, 1.3801e-02]])",0.10678011924028397,0.011381777934730053,0.3499999940395355,0.6000000238418579
138,False,"tensor([[1.7528e-05, 1.1485e-05],
        [1.7735e-05, 1.3883e-05],
        [1.7913e-05, 1.6543e-05],
        ...,
        [4.3536e-04, 2.3007e-02],
        [3.3517e-04, 2.3020e-02],
        [2.4803e-04, 2.3020e-02]])",0.07320372760295868,0.01611313410103321,0.3499999940395355,0.6499999761581421
139,False,"tensor([[1.4407e-07, 1.0489e-05],
        [5.9967e-07, 1.2800e-05],
        [1.4117e-06, 1.5506e-05],
        ...,
        [9.0906e+00, 2.2139e+00],
        [8.9470e+00, 2.2995e+00],
        [8.8019e+00, 2.3869e+00]])",13.467928886413574,2.1004717350006104,0.3499999940395355,1.0
140,False,"tensor([[4.4667e-06, 2.2894e-04],
        [5.4553e-06, 2.4516e-04],
        [6.6100e-06, 2.6199e-04],
        ...,
        [3.5521e-01, 1.4146e+00],
        [3.7750e-01, 1.4007e+00],
        [4.0036e-01, 1.3865e+00]])",5.976925373077393,0.443108469247818,0.3499999940395355,1.100000023841858
141,False,"tensor([[2.7575e-06, 1.5731e-04],
        [1.7242e-06, 1.6738e-04],
        [9.1496e-07, 1.7767e-04],
        ...,
        [2.4522e-01, 2.4743e-01],
        [2.5306e-01, 2.4273e-01],
        [2.6095e-01, 2.3794e-01]])",0.4397466778755188,0.050527822226285934,0.3499999940395355,1.149999976158142
142,False,"tensor([[1.6470e-05, 7.2657e-05],
        [1.7393e-05, 7.1434e-05],
        [1.8302e-05, 6.9944e-05],
        ...,
        [1.3763e-04, 4.5870e-01],
        [5.0223e-04, 4.5823e-01],
        [1.0945e-03, 4.5772e-01]])",1.2225875854492188,0.08569756150245667,0.3499999940395355,1.2000000476837158
143,False,"tensor([[2.1338e-07, 4.2582e-05],
        [6.5445e-08, 4.5307e-05],
        [1.4011e-09, 4.8164e-05],
        ...,
        [1.0123e-02, 2.6150e+00],
        [1.5923e-02, 2.6179e+00],
        [2.3036e-02, 2.6200e+00]])",2.619961977005005,0.3840372562408447,0.3499999940395355,1.25
144,False,"tensor([[0.0001, 0.0004],
        [0.0001, 0.0004],
        [0.0002, 0.0004],
        ...,
        [0.0858, 0.0587],
        [0.0880, 0.0561],
        [0.0902, 0.0535]])",0.13365139067173004,0.013215431943535805,0.3499999940395355,1.2999999523162842
145,False,"tensor([[3.0183e-05, 1.0019e-04],
        [3.3156e-05, 1.1457e-04],
        [3.6314e-05, 1.3009e-04],
        ...,
        [2.9528e-02, 2.2533e-03],
        [2.9329e-02, 2.2983e-03],
        [2.9127e-02, 2.3458e-03]])",0.157093346118927,0.0180476363748312,0.3499999940395355,1.350000023841858
146,False,"tensor([[1.0783e-05, 2.8153e-04],
        [9.1908e-06, 3.0224e-04],
        [7.6460e-06, 3.2311e-04],
        ...,
        [5.2299e-04, 2.1163e-03],
        [5.5920e-04, 2.3140e-03],
        [5.9842e-04, 2.5277e-03]])",0.2874375581741333,0.033578723669052124,0.3499999940395355,1.399999976158142
147,False,"tensor([[1.7854e-05, 4.7045e-05],
        [1.7073e-05, 4.7777e-05],
        [1.6249e-05, 4.8344e-05],
        ...,
        [1.5859e-01, 6.5151e-03],
        [1.5765e-01, 7.2222e-03],
        [1.5666e-01, 7.9578e-03]])",0.26223185658454895,0.02948084846138954,0.3499999940395355,1.4500000476837158
148,False,"tensor([[1.9364e-05, 1.7434e-05],
        [2.0458e-05, 1.7842e-05],
        [2.1587e-05, 1.8249e-05],
        ...,
        [6.6786e-02, 1.6647e-03],
        [6.6417e-02, 1.9394e-03],
        [6.6024e-02, 2.2337e-03]])",0.08728786557912827,0.007701232563704252,0.4000000059604645,0.10000000149011612
149,False,"tensor([[2.9712e-09, 2.7706e-05],
        [1.7604e-08, 3.0140e-05],
        [4.5584e-08, 3.2702e-05],
        ...,
        [2.2014e-02, 4.3930e-04],
        [2.1887e-02, 5.0133e-04],
        [2.1754e-02, 5.6702e-04]])",0.02304641343653202,0.0015055530238896608,0.4000000059604645,0.15000000596046448
150,False,"tensor([[1.3316e-08, 2.9817e-06],
        [3.7249e-08, 3.7687e-06],
        [7.6159e-08, 4.6608e-06],
        ...,
        [6.7053e-03, 8.7096e-06],
        [6.7012e-03, 7.8570e-06],
        [6.6964e-03, 7.0717e-06]])",0.008181076496839523,0.0010333616519346833,0.4000000059604645,0.20000000298023224
151,False,"tensor([[3.4487e-09, 1.5878e-05],
        [7.9563e-09, 1.7396e-05],
        [1.4076e-08, 1.8985e-05],
        ...,
        [3.2385e-02, 4.0834e-04],
        [3.2244e-02, 4.7066e-04],
        [3.2095e-02, 5.3691e-04]])",0.033435072749853134,0.002112748334184289,0.4000000059604645,0.25
152,False,"tensor([[1.9072e-06, 3.4996e-07],
        [2.2574e-06, 3.8707e-07],
        [2.6325e-06, 4.2218e-07],
        ...,
        [1.0602e-02, 8.7749e-02],
        [1.1594e-02, 8.6575e-02],
        [1.2623e-02, 8.5368e-02]])",0.1522069126367569,0.017343146726489067,0.4000000059604645,0.30000001192092896
153,False,"tensor([[7.1965e-07, 1.9378e-05],
        [7.1214e-07, 2.1871e-05],
        [6.9802e-07, 2.4536e-05],
        ...,
        [3.0047e-03, 8.2851e-04],
        [2.9509e-03, 8.6106e-04],
        [2.8966e-03, 8.9369e-04]])",0.009919937700033188,0.0011179465800523758,0.4000000059604645,0.3499999940395355
154,False,"tensor([[1.5775e-07, 2.8694e-05],
        [1.0154e-07, 3.0727e-05],
        [5.6319e-08, 3.2796e-05],
        ...,
        [4.1693e-03, 3.3815e-05],
        [4.1507e-03, 3.9785e-05],
        [4.1310e-03, 4.6131e-05]])",0.004295445047318935,0.00046535723959095776,0.4000000059604645,0.4000000059604645
155,False,"tensor([[5.3182e-07, 1.5226e-06],
        [3.7151e-07, 1.9989e-06],
        [2.3586e-07, 2.5488e-06],
        ...,
        [4.3716e-04, 1.3100e-03],
        [4.1613e-04, 1.3159e-03],
        [3.9547e-04, 1.3215e-03]])",0.046018507331609726,0.004539978690445423,0.4000000059604645,0.44999998807907104
156,False,"tensor([[7.5922e-07, 1.3711e-06],
        [6.5027e-07, 1.5340e-06],
        [5.4944e-07, 1.7114e-06],
        ...,
        [4.6257e-02, 3.8693e-03],
        [4.6698e-02, 3.6609e-03],
        [4.7130e-02, 3.4546e-03]])",0.05583534762263298,0.005610757041722536,0.4000000059604645,0.5
157,False,"tensor([[1.9259e-06, 1.5669e-06],
        [2.1216e-06, 1.5493e-06],
        [2.3306e-06, 1.5229e-06],
        ...,
        [1.6179e-02, 5.3120e-05],
        [1.6148e-02, 6.1431e-05],
        [1.6116e-02, 7.0375e-05]])",0.02134539745748043,0.002236773259937763,0.4000000059604645,0.550000011920929
158,False,"tensor([[2.3262e-05, 7.6390e-07],
        [2.3916e-05, 6.7100e-07],
        [2.4571e-05, 5.8212e-07],
        ...,
        [4.5566e-03, 2.5012e-03],
        [4.6740e-03, 2.4452e-03],
        [4.7918e-03, 2.3891e-03]])",0.008001422509551048,0.000934045179747045,0.4000000059604645,0.6000000238418579
159,False,"tensor([[4.2466e-05, 4.7555e-05],
        [4.7092e-05, 4.5334e-05],
        [5.1833e-05, 4.2502e-05],
        ...,
        [6.2987e-01, 8.7561e-01],
        [6.5363e-01, 8.6556e-01],
        [6.7768e-01, 8.5508e-01]])",2.5044186115264893,0.24940919876098633,0.4000000059604645,1.100000023841858
160,False,"tensor([[9.4329e-06, 5.4065e-04],
        [1.1927e-05, 5.9928e-04],
        [1.4848e-05, 6.6072e-04],
        ...,
        [2.4766e+00, 1.4370e+00],
        [2.4171e+00, 1.4715e+00],
        [2.3577e+00, 1.5051e+00]])",4.332773685455322,0.3064391314983368,0.4000000059604645,1.149999976158142
161,False,"tensor([[4.2171e-05, 1.9963e-07],
        [4.3596e-05, 1.7032e-07],
        [4.5036e-05, 1.3878e-07],
        ...,
        [1.6111e+00, 3.3245e-03],
        [1.6135e+00, 1.6471e-03],
        [1.6152e+00, 5.4948e-04]])",3.8567748069763184,0.42581412196159363,0.4000000059604645,1.2000000476837158
162,False,"tensor([[1.8714e-05, 3.8890e-05],
        [1.9121e-05, 3.2791e-05],
        [1.9414e-05, 2.7040e-05],
        ...,
        [6.0523e-03, 1.8675e-01],
        [7.1624e-03, 1.8714e-01],
        [8.3668e-03, 1.8751e-01]])",0.5141929388046265,0.03406830132007599,0.4000000059604645,1.25
163,False,"tensor([[1.2031e-05, 1.2199e-04],
        [1.3165e-05, 1.2021e-04],
        [1.4335e-05, 1.1810e-04],
        ...,
        [4.6816e-02, 4.3572e+00],
        [6.2181e-02, 4.3541e+00],
        [7.9717e-02, 4.3493e+00]])",4.35854959487915,0.6008245348930359,0.4000000059604645,1.2999999523162842
164,False,"tensor([[1.8581e-04, 9.6172e-05],
        [1.9484e-04, 1.0634e-04],
        [2.0406e-04, 1.1726e-04],
        ...,
        [3.2888e-01, 2.1240e-01],
        [3.3712e-01, 2.0290e-01],
        [3.4527e-01, 1.9349e-01]])",0.5654340386390686,0.093345507979393,0.4000000059604645,1.350000023841858
165,False,"tensor([[6.9206e-07, 2.0688e-04],
        [3.8759e-07, 2.3164e-04],
        [1.6322e-07, 2.5780e-04],
        ...,
        [6.3482e-01, 1.1771e-01],
        [6.2629e-01, 1.2553e-01],
        [6.1752e-01, 1.3356e-01]])",0.8950077891349792,0.11881494522094727,0.4000000059604645,1.399999976158142
166,False,"tensor([[5.0802e-06, 6.3391e-04],
        [7.0187e-06, 6.7866e-04],
        [9.3865e-06, 7.2357e-04],
        ...,
        [2.0230e-02, 1.1572e-01],
        [1.8730e-02, 1.1792e-01],
        [1.7273e-02, 1.2017e-01]])",0.4728001058101654,0.06820850074291229,0.4000000059604645,1.4500000476837158
167,False,"tensor([[4.2060e-05, 3.9776e-05],
        [4.4979e-05, 4.1000e-05],
        [4.8026e-05, 4.2220e-05],
        ...,
        [4.4758e-02, 2.1586e-02],
        [4.5792e-02, 2.0930e-02],
        [4.6821e-02, 2.0269e-02]])",0.08982305228710175,0.008627690374851227,0.44999998807907104,0.10000000149011612
168,False,"tensor([[1.5788e-07, 7.9424e-06],
        [1.3498e-07, 8.4871e-06],
        [1.1198e-07, 9.0750e-06],
        ...,
        [1.2167e-02, 2.5334e-03],
        [1.2370e-02, 2.4620e-03],
        [1.2571e-02, 2.3892e-03]])",0.016950517892837524,0.0015096095157787204,0.44999998807907104,0.15000000596046448
169,False,"tensor([[2.1454e-06, 1.5551e-05],
        [1.8587e-06, 1.6021e-05],
        [1.5931e-06, 1.6448e-05],
        ...,
        [2.6768e-04, 5.9676e-04],
        [2.5923e-04, 5.6719e-04],
        [2.5129e-04, 5.3838e-04]])",0.013152273371815681,0.001270729466341436,0.44999998807907104,0.20000000298023224
170,False,"tensor([[2.9566e-06, 2.0292e-06],
        [3.1529e-06, 1.9555e-06],
        [3.3480e-06, 1.8703e-06],
        ...,
        [2.3901e-02, 8.2751e-03],
        [2.4374e-02, 8.0697e-03],
        [2.4845e-02, 7.8607e-03]])",0.024845458567142487,0.0026835596654564142,0.44999998807907104,0.25
171,False,"tensor([[9.1086e-06, 2.5738e-04],
        [1.2059e-05, 2.7061e-04],
        [1.5482e-05, 2.8382e-04],
        ...,
        [1.2643e-01, 2.4996e+00],
        [1.4472e-01, 2.4844e+00],
        [1.6418e-01, 2.4684e+00]])",2.8817267417907715,0.3426460921764374,0.44999998807907104,0.30000001192092896
172,False,"tensor([[5.7843e-06, 3.8644e-07],
        [6.0261e-06, 4.6654e-07],
        [6.2688e-06, 5.6036e-07],
        ...,
        [7.4825e-03, 9.3754e-04],
        [7.5727e-03, 8.7371e-04],
        [7.6602e-03, 8.1149e-04]])",0.010754523798823357,0.001565917395055294,0.44999998807907104,0.3499999940395355
173,False,"tensor([[7.9851e-07, 5.9076e-06],
        [9.0297e-07, 6.6871e-06],
        [1.0200e-06, 7.5365e-06],
        ...,
        [5.6255e-03, 3.7357e-04],
        [5.6843e-03, 3.5980e-04],
        [5.7427e-03, 3.4590e-04]])",0.005742677021771669,0.0004403962811920792,0.44999998807907104,0.4000000059604645
174,False,"tensor([[4.7993e-05, 4.5070e-06],
        [4.9866e-05, 4.1159e-06],
        [5.1715e-05, 3.7082e-06],
        ...,
        [5.3297e-02, 8.9614e-04],
        [5.2980e-02, 9.6742e-04],
        [5.2658e-02, 1.0417e-03]])",0.06357409060001373,0.005889201536774635,0.44999998807907104,0.44999998807907104
175,False,"tensor([[2.1656e-05, 3.7715e-05],
        [2.4470e-05, 3.9455e-05],
        [2.7507e-05, 4.1196e-05],
        ...,
        [9.9146e-03, 1.1272e-03],
        [9.8086e-03, 1.2156e-03],
        [9.6989e-03, 1.3069e-03]])",0.014583134092390537,0.0026203650049865246,0.44999998807907104,0.5
176,False,"tensor([[3.7567e-06, 3.4143e-06],
        [3.6036e-06, 3.9843e-06],
        [3.4441e-06, 4.6117e-06],
        ...,
        [3.4832e-02, 3.5569e-02],
        [3.3766e-02, 3.5733e-02],
        [3.2713e-02, 3.5879e-02]])",0.1532876044511795,0.0149878254160285,0.44999998807907104,0.550000011920929
177,False,"tensor([[4.5731e-05, 9.5589e-05],
        [5.0166e-05, 1.0837e-04],
        [5.4937e-05, 1.2220e-04],
        ...,
        [3.0367e-02, 3.5091e-05],
        [3.0403e-02, 2.7566e-05],
        [3.0434e-02, 2.0906e-05]])",0.12289520353078842,0.019655220210552216,0.44999998807907104,0.6000000238418579
178,False,"tensor([[1.0214e-05, 1.8292e-04],
        [1.1366e-05, 1.9031e-04],
        [1.2608e-05, 1.9772e-04],
        ...,
        [1.9080e-01, 2.0387e-01],
        [1.8449e-01, 2.0499e-01],
        [1.7826e-01, 2.0607e-01]])",3.2862203121185303,0.16535194218158722,0.44999998807907104,1.149999976158142
179,False,"tensor([[3.6792e-06, 2.8592e-03],
        [7.0008e-06, 3.1286e-03],
        [1.1703e-05, 3.4089e-03],
        ...,
        [7.2457e-01, 6.7928e+00],
        [6.5620e-01, 6.8643e+00],
        [5.9088e-01, 6.9331e+00]])",9.098282814025879,1.29936945438385,0.44999998807907104,1.2000000476837158
180,False,"tensor([[1.7262e-04, 1.1552e-03],
        [1.9105e-04, 1.2400e-03],
        [2.1089e-04, 1.3275e-03],
        ...,
        [2.4366e+00, 1.4730e+00],
        [2.3771e+00, 1.5150e+00],
        [2.3176e+00, 1.5573e+00]])",9.089842796325684,1.2567148208618164,0.44999998807907104,1.25
181,False,"tensor([[4.9444e-06, 3.5847e-04],
        [6.2211e-06, 3.8517e-04],
        [7.7010e-06, 4.1245e-04],
        ...,
        [9.2741e-02, 1.5599e-01],
        [8.8927e-02, 1.5874e-01],
        [8.5158e-02, 1.6154e-01]])",0.5375281572341919,0.07950996607542038,0.44999998807907104,1.2999999523162842
182,False,"tensor([[5.3749e-11, 2.3185e-05],
        [4.9747e-08, 2.8904e-05],
        [2.2133e-07, 3.5253e-05],
        ...,
        [3.2701e-01, 7.3253e-01],
        [3.1224e-01, 7.4069e-01],
        [2.9774e-01, 7.4833e-01]])",1.089446783065796,0.09726623445749283,0.44999998807907104,1.350000023841858
183,False,"tensor([[1.0266e-05, 4.0024e-04],
        [1.2057e-05, 4.2649e-04],
        [1.4055e-05, 4.5325e-04],
        ...,
        [2.2021e-01, 4.7892e-01],
        [2.3061e-01, 4.7076e-01],
        [2.4117e-01, 4.6241e-01]])",0.6093095541000366,0.06358668208122253,0.44999998807907104,1.399999976158142
184,False,"tensor([[5.8463e-06, 8.2272e-05],
        [6.0007e-06, 8.2281e-05],
        [6.1766e-06, 8.1984e-05],
        ...,
        [4.8759e-01, 1.5448e-02],
        [4.9044e-01, 1.2314e-02],
        [4.9300e-01, 9.5214e-03]])",0.4930049777030945,0.07011657953262329,0.44999998807907104,1.4500000476837158
185,False,"tensor([[5.7741e-05, 8.1059e-05],
        [6.2141e-05, 8.5862e-05],
        [6.6769e-05, 9.0795e-05],
        ...,
        [6.2646e-05, 5.4456e-02],
        [1.3027e-04, 5.4878e-02],
        [2.2288e-04, 5.5281e-02]])",0.12620684504508972,0.013158590532839298,0.5,0.10000000149011612
186,False,"tensor([[1.9863e-07, 2.7126e-05],
        [1.1802e-07, 2.7954e-05],
        [5.8908e-08, 2.8767e-05],
        ...,
        [2.2344e-03, 4.8466e-04],
        [2.2481e-03, 4.9213e-04],
        [2.2620e-03, 4.9961e-04]])",0.013201529160141945,0.0013671249616891146,0.5,0.15000000596046448
187,False,"tensor([[3.0463e-05, 5.3427e-06],
        [3.1225e-05, 6.1330e-06],
        [3.1904e-05, 7.0053e-06],
        ...,
        [3.3697e-03, 7.6121e-03],
        [3.1996e-03, 7.6886e-03],
        [3.0327e-03, 7.7623e-03]])",0.01759258098900318,0.0022862786427140236,0.5,0.20000000298023224
188,False,"tensor([[3.1715e-06, 4.8121e-06],
        [3.4217e-06, 5.1746e-06],
        [3.6749e-06, 5.5721e-06],
        ...,
        [3.2073e-03, 1.9223e-02],
        [2.9782e-03, 1.9503e-02],
        [2.7560e-03, 1.9776e-02]])",0.03904995694756508,0.004280170425772667,0.5,0.25
189,False,"tensor([[2.4956e-06, 1.1518e-04],
        [1.8454e-06, 1.2749e-04],
        [1.2726e-06, 1.4046e-04],
        ...,
        [6.8906e-03, 2.6161e-01],
        [8.2845e-03, 2.5667e-01],
        [9.7913e-03, 2.5167e-01]])",1.4523037672042847,0.2132185697555542,0.5,0.30000001192092896
190,False,"tensor([[1.7344e-05, 6.9249e-07],
        [1.8431e-05, 6.9792e-07],
        [1.9565e-05, 7.0169e-07],
        ...,
        [7.9184e-04, 2.2169e-03],
        [7.5342e-04, 2.2404e-03],
        [7.1562e-04, 2.2636e-03]])",0.008826877921819687,0.0015831238124519587,0.5,0.3499999940395355
191,False,"tensor([[8.7532e-07, 1.6802e-05],
        [6.6327e-07, 1.6807e-05],
        [4.7998e-07, 1.6777e-05],
        ...,
        [4.9088e-04, 6.6818e-04],
        [5.1134e-04, 6.7056e-04],
        [5.3214e-04, 6.7269e-04]])",0.00379282352514565,0.00032581304549239576,0.5,0.4000000059604645
192,False,"tensor([[1.1506e-05, 4.9700e-06],
        [1.2129e-05, 4.8320e-06],
        [1.2755e-05, 4.6882e-06],
        ...,
        [8.6010e-02, 1.4899e-02],
        [8.7131e-02, 1.4054e-02],
        [8.8224e-02, 1.3228e-02]])",0.08822443336248398,0.008758170530200005,0.5,0.44999998807907104
193,False,"tensor([[2.8389e-07, 1.3851e-06],
        [1.8425e-07, 1.1381e-06],
        [1.0581e-07, 8.9873e-07],
        ...,
        [2.8030e-02, 1.5139e-03],
        [2.7829e-02, 1.5792e-03],
        [2.7625e-02, 1.6447e-03]])",0.032511040568351746,0.004903760738670826,0.5,0.5
194,False,"tensor([[3.1538e-05, 4.3326e-05],
        [3.1674e-05, 4.4811e-05],
        [3.1782e-05, 4.6245e-05],
        ...,
        [1.9567e-01, 1.5715e-02],
        [1.9392e-01, 1.6744e-02],
        [1.9211e-01, 1.7799e-02]])",0.22178655862808228,0.022369995713233948,0.5,0.550000011920929
195,False,"tensor([[1.0304e-04, 8.1884e-04],
        [1.1763e-04, 8.7641e-04],
        [1.3340e-04, 9.3707e-04],
        ...,
        [2.7369e-01, 9.1437e-02],
        [2.7861e-01, 8.9884e-02],
        [2.8353e-01, 8.8271e-02]])",2.6910386085510254,0.14499308168888092,0.5,1.149999976158142
196,False,"tensor([[7.1927e-05, 7.5768e-04],
        [8.2532e-05, 8.3897e-04],
        [9.4239e-05, 9.2478e-04],
        ...,
        [2.9396e+00, 4.7312e-02],
        [2.9516e+00, 3.9304e-02],
        [2.9627e+00, 3.1968e-02]])",2.9626550674438477,0.1799607127904892,0.5,1.25
197,False,"tensor([[2.2298e-04, 8.5596e-05],
        [2.3948e-04, 1.0396e-04],
        [2.5684e-04, 1.2484e-04],
        ...,
        [1.5953e+00, 9.7741e-02],
        [1.6078e+00, 8.6425e-02],
        [1.6195e+00, 7.5731e-02]])",3.2011804580688477,0.34786713123321533,0.5,1.2999999523162842
198,False,"tensor([[9.4597e-06, 7.7379e-05],
        [1.0887e-05, 8.9310e-05],
        [1.2482e-05, 1.0206e-04],
        ...,
        [5.7386e-02, 9.2001e-01],
        [6.4894e-02, 9.2551e-01],
        [7.2888e-02, 9.3082e-01]])",2.2032082080841064,0.2547819912433624,0.5,1.350000023841858
199,False,"tensor([[1.6014e-06, 7.0401e-05],
        [1.7083e-06, 7.2883e-05],
        [1.8269e-06, 7.5282e-05],
        ...,
        [6.0017e-01, 5.3016e-01],
        [5.8291e-01, 5.4087e-01],
        [5.6573e-01, 5.5120e-01]])",1.2066818475723267,0.1460191011428833,0.5,1.399999976158142
200,False,"tensor([[2.1012e-05, 6.5007e-05],
        [2.4226e-05, 7.4152e-05],
        [2.7740e-05, 8.4030e-05],
        ...,
        [1.4831e-01, 6.6444e-01],
        [1.5835e-01, 6.5494e-01],
        [1.6864e-01, 6.4520e-01]])",0.8019542098045349,0.08128637075424194,0.5,1.4500000476837158
201,False,"tensor([[8.3348e-05, 6.8772e-05],
        [8.9895e-05, 7.4354e-05],
        [9.6821e-05, 8.0249e-05],
        ...,
        [4.2355e-02, 3.3307e-04],
        [4.2202e-02, 5.4034e-04],
        [4.2018e-02, 7.9724e-04]])",0.21083980798721313,0.025626324117183685,0.550000011920929,0.10000000149011612
202,False,"tensor([[4.1272e-06, 1.8512e-05],
        [3.9030e-06, 2.0736e-05],
        [3.6600e-06, 2.3098e-05],
        ...,
        [5.4858e-03, 3.2442e-07],
        [5.5020e-03, 9.1462e-07],
        [5.5174e-03, 1.8043e-06]])",0.007618282921612263,0.0008475729264318943,0.550000011920929,0.15000000596046448
203,False,"tensor([[2.0360e-06, 9.8701e-06],
        [1.8566e-06, 1.0243e-05],
        [1.6706e-06, 1.0618e-05],
        ...,
        [1.1027e-02, 6.1351e-04],
        [1.1115e-02, 5.3695e-04],
        [1.1200e-02, 4.6502e-04]])",0.02374156564474106,0.003846704261377454,0.550000011920929,0.20000000298023224
204,False,"tensor([[1.8668e-06, 1.0597e-05],
        [1.7598e-06, 1.1428e-05],
        [1.6454e-06, 1.2257e-05],
        ...,
        [1.5219e-02, 1.3119e-03],
        [1.5371e-02, 1.2570e-03],
        [1.5520e-02, 1.2028e-03]])",0.027977289631962776,0.004490340128540993,0.550000011920929,0.25
205,False,"tensor([[0.0005, 0.0006],
        [0.0005, 0.0006],
        [0.0005, 0.0007],
        ...,
        [0.2638, 0.3980],
        [0.2748, 0.3952],
        [0.2860, 0.3923]])",0.6064953207969666,0.06485932320356369,0.550000011920929,0.30000001192092896
206,False,"tensor([[9.0632e-06, 3.2519e-05],
        [8.7925e-06, 3.4325e-05],
        [8.5106e-06, 3.6149e-05],
        ...,
        [1.4330e-02, 2.6365e-04],
        [1.4381e-02, 2.3017e-04],
        [1.4427e-02, 1.9884e-04]])",0.01536570955067873,0.0017279041931033134,0.550000011920929,0.3499999940395355
207,False,"tensor([[3.2762e-05, 4.7633e-05],
        [3.3040e-05, 5.3740e-05],
        [3.3253e-05, 6.0316e-05],
        ...,
        [4.4258e-03, 2.1671e-03],
        [4.5303e-03, 2.1246e-03],
        [4.6346e-03, 2.0819e-03]])",0.014152394607663155,0.0021181819029152393,0.550000011920929,0.4000000059604645
208,False,"tensor([[4.8524e-06, 1.5375e-05],
        [5.3151e-06, 1.5228e-05],
        [5.7985e-06, 1.4999e-05],
        ...,
        [4.2803e-02, 6.1756e-03],
        [4.3303e-02, 6.0615e-03],
        [4.3801e-02, 5.9448e-03]])",0.09060750901699066,0.009631151333451271,0.550000011920929,0.44999998807907104
209,False,"tensor([[3.4588e-06, 8.9072e-06],
        [3.4143e-06, 9.6672e-06],
        [3.3606e-06, 1.0478e-05],
        ...,
        [1.7128e-03, 1.1399e-03],
        [1.7532e-03, 1.1352e-03],
        [1.7939e-03, 1.1301e-03]])",0.02272346243262291,0.0015590216498821974,0.550000011920929,0.5
210,False,"tensor([[5.1275e-05, 6.3892e-05],
        [5.2896e-05, 6.5887e-05],
        [5.4521e-05, 6.7652e-05],
        ...,
        [5.4859e-02, 2.3276e-02],
        [5.5998e-02, 2.2480e-02],
        [5.7130e-02, 2.1683e-02]])",0.08826104551553726,0.013788120821118355,0.550000011920929,0.550000011920929
211,False,"tensor([[8.9765e-06, 1.4611e-04],
        [9.1221e-06, 1.5209e-04],
        [9.2921e-06, 1.5739e-04],
        ...,
        [2.2798e+00, 2.9486e+00],
        [2.1984e+00, 3.0074e+00],
        [2.1177e+00, 3.0661e+00]])",11.96194076538086,1.3430838584899902,0.550000011920929,1.25
212,False,"tensor([[5.2075e-07, 1.9889e-04],
        [3.0175e-07, 2.1039e-04],
        [1.4060e-07, 2.2265e-04],
        ...,
        [2.3072e+00, 1.6518e+00],
        [2.2472e+00, 1.6937e+00],
        [2.1872e+00, 1.7347e+00]])",4.239698886871338,0.41931986808776855,0.550000011920929,1.2999999523162842
213,False,"tensor([[2.6203e-06, 3.4181e-04],
        [3.6246e-06, 3.7233e-04],
        [4.8500e-06, 4.0398e-04],
        ...,
        [9.8650e-01, 9.8626e-02],
        [9.9623e-01, 8.7934e-02],
        [1.0055e+00, 7.7776e-02]])",1.764923095703125,0.16923542320728302,0.550000011920929,1.350000023841858
214,False,"tensor([[1.4863e-07, 1.2838e-05],
        [1.5093e-07, 1.5485e-05],
        [1.5382e-07, 1.8618e-05],
        ...,
        [1.0244e-03, 8.2295e-01],
        [3.1233e-04, 8.2754e-01],
        [1.0880e-05, 8.3212e-01]])",2.073953866958618,0.17158910632133484,0.550000011920929,1.399999976158142
215,False,"tensor([[2.9629e-05, 2.0506e-05],
        [3.3087e-05, 2.1222e-05],
        [3.6746e-05, 2.1965e-05],
        ...,
        [7.9127e-01, 7.0859e-01],
        [7.6811e-01, 7.2408e-01],
        [7.4504e-01, 7.3909e-01]])",1.5801334381103516,0.15801936388015747,0.550000011920929,1.4500000476837158
216,False,"tensor([[3.0929e-05, 1.4546e-05],
        [3.4763e-05, 1.6186e-05],
        [3.8877e-05, 1.7941e-05],
        ...,
        [1.9123e-02, 5.5062e-02],
        [1.8135e-02, 5.4719e-02],
        [1.7175e-02, 5.4356e-02]])",0.23085655272006989,0.030355002731084824,0.6000000238418579,0.10000000149011612
217,False,"tensor([[8.6603e-07, 2.6509e-06],
        [8.1952e-07, 3.0758e-06],
        [7.6572e-07, 3.5368e-06],
        ...,
        [2.8365e-03, 2.4676e-04],
        [2.8756e-03, 2.5779e-04],
        [2.9156e-03, 2.6909e-04]])",0.008074688725173473,0.0008450854802504182,0.6000000238418579,0.15000000596046448
218,False,"tensor([[6.0313e-08, 1.4310e-05],
        [1.8741e-07, 1.5562e-05],
        [3.9376e-07, 1.6876e-05],
        ...,
        [3.5545e-03, 2.2538e-03],
        [3.6518e-03, 2.2934e-03],
        [3.7516e-03, 2.3327e-03]])",0.0221598781645298,0.0038020259235054255,0.6000000238418579,0.20000000298023224
219,False,"tensor([[3.2099e-06, 4.3528e-06],
        [3.2496e-06, 4.6410e-06],
        [3.2997e-06, 4.9508e-06],
        ...,
        [1.2309e-01, 6.2642e-04],
        [1.2280e-01, 8.6533e-04],
        [1.2246e-01, 1.1424e-03]])",0.22527553141117096,0.030483102425932884,0.6000000238418579,0.25
220,False,"tensor([[1.9036e-05, 8.3879e-06],
        [1.9573e-05, 1.0574e-05],
        [2.0081e-05, 1.3063e-05],
        ...,
        [3.0021e-01, 1.0708e+00],
        [3.1822e-01, 1.0651e+00],
        [3.3670e-01, 1.0590e+00]])",1.3897180557250977,0.19115668535232544,0.6000000238418579,0.30000001192092896
221,False,"tensor([[1.5921e-05, 2.7597e-05],
        [1.7197e-05, 3.0441e-05],
        [1.8560e-05, 3.3468e-05],
        ...,
        [5.7078e-03, 6.0654e-03],
        [5.8896e-03, 6.1130e-03],
        [6.0752e-03, 6.1582e-03]])",0.05115443468093872,0.006100871600210667,0.6000000238418579,0.3499999940395355
222,False,"tensor([[7.4738e-06, 1.6669e-05],
        [8.1038e-06, 1.7272e-05],
        [8.7734e-06, 1.7860e-05],
        ...,
        [1.9145e-04, 3.6653e-06],
        [1.9174e-04, 2.5710e-06],
        [1.9196e-04, 1.6491e-06]])",0.043945953249931335,0.004056758712977171,0.6000000238418579,0.4000000059604645
223,False,"tensor([[4.9787e-06, 2.6425e-04],
        [7.1816e-06, 2.7852e-04],
        [9.8327e-06, 2.9282e-04],
        ...,
        [3.7177e-01, 9.5989e-02],
        [3.6586e-01, 9.8758e-02],
        [3.5992e-01, 1.0153e-01]])",0.5551258325576782,0.04962202534079552,0.6000000238418579,0.44999998807907104
224,False,"tensor([[1.8806e-05, 3.7424e-06],
        [2.0079e-05, 5.0500e-06],
        [2.1372e-05, 6.5751e-06],
        ...,
        [6.4062e-02, 4.9911e-04],
        [6.3847e-02, 5.5107e-04],
        [6.3625e-02, 6.0575e-04]])",0.1031099185347557,0.014127220958471298,0.6000000238418579,0.5
225,False,"tensor([[4.7347e-06, 6.7150e-05],
        [4.4803e-06, 7.0147e-05],
        [4.2063e-06, 7.3279e-05],
        ...,
        [5.1480e-03, 4.6977e-01],
        [6.7502e-03, 4.6884e-01],
        [8.5668e-03, 4.6782e-01]])",1.4906493425369263,0.1350008249282837,0.6000000238418579,1.2999999523162842
226,False,"tensor([[1.4837e-04, 1.3813e-03],
        [1.6542e-04, 1.4861e-03],
        [1.8358e-04, 1.5948e-03],
        ...,
        [6.3403e-03, 1.9169e-01],
        [5.3084e-03, 1.9239e-01],
        [4.3672e-03, 1.9299e-01]])",0.6444112658500671,0.09066956490278244,0.6000000238418579,1.350000023841858
227,False,"tensor([[1.1564e-05, 3.4825e-04],
        [1.3320e-05, 3.8834e-04],
        [1.5337e-05, 4.3096e-04],
        ...,
        [9.3044e-01, 3.0335e-01],
        [9.4694e-01, 2.8811e-01],
        [9.6315e-01, 2.7303e-01]])",1.8549997806549072,0.2011624276638031,0.6000000238418579,1.399999976158142
228,False,"tensor([[2.8495e-05, 3.2690e-04],
        [3.2350e-05, 3.3757e-04],
        [3.6478e-05, 3.4796e-04],
        ...,
        [7.0982e-02, 7.9093e-02],
        [6.8691e-02, 8.0107e-02],
        [6.6422e-02, 8.1027e-02]])",0.20867975056171417,0.02410273626446724,0.6000000238418579,1.4500000476837158
229,False,"tensor([[9.6591e-06, 6.3256e-06],
        [1.0611e-05, 6.9081e-06],
        [1.1590e-05, 7.4999e-06],
        ...,
        [2.9417e-03, 3.4341e-05],
        [2.9592e-03, 3.4590e-05],
        [2.9759e-03, 3.4741e-05]])",0.07372622936964035,0.008885295130312443,0.6499999761581421,0.10000000149011612
230,False,"tensor([[1.8883e-05, 1.7300e-06],
        [1.9594e-05, 1.7223e-06],
        [2.0294e-05, 1.7098e-06],
        ...,
        [7.0046e-03, 3.0180e-04],
        [7.0402e-03, 2.6992e-04],
        [7.0744e-03, 2.3970e-04]])",0.007074443157762289,0.0008410446462221444,0.6499999761581421,0.15000000596046448
231,False,"tensor([[4.4833e-06, 2.1990e-06],
        [4.5759e-06, 2.4279e-06],
        [4.6700e-06, 2.6637e-06],
        ...,
        [6.7350e-02, 3.6889e-02],
        [6.8987e-02, 3.6258e-02],
        [7.0628e-02, 3.5608e-02]])",0.09040379524230957,0.010912255384027958,0.6499999761581421,0.20000000298023224
232,False,"tensor([[4.8203e-06, 5.3530e-05],
        [5.0153e-06, 5.8549e-05],
        [5.2409e-06, 6.3826e-05],
        ...,
        [5.8844e-04, 4.8260e-04],
        [6.0314e-04, 4.9183e-04],
        [6.1794e-04, 5.0126e-04]])",0.06724211573600769,0.011133410036563873,0.6499999761581421,0.25
233,False,"tensor([[2.5181e-04, 1.7825e-04],
        [2.7571e-04, 1.9339e-04],
        [3.0116e-04, 2.0926e-04],
        ...,
        [1.9699e-02, 4.5336e-01],
        [2.2548e-02, 4.4927e-01],
        [2.5574e-02, 4.4505e-01]])",1.5567501783370972,0.15462207794189453,0.6499999761581421,0.30000001192092896
234,False,"tensor([[1.7388e-06, 1.9064e-05],
        [1.5002e-06, 2.0331e-05],
        [1.2655e-06, 2.1622e-05],
        ...,
        [4.1117e-04, 6.1060e-04],
        [3.9999e-04, 6.1149e-04],
        [3.8902e-04, 6.1227e-04]])",0.007431935053318739,0.000641658843960613,0.6499999761581421,0.3499999940395355
235,False,"tensor([[7.8398e-05, 1.0659e-05],
        [8.4859e-05, 1.1443e-05],
        [9.1697e-05, 1.2262e-05],
        ...,
        [6.7048e-02, 2.3198e-03],
        [6.7412e-02, 2.2920e-03],
        [6.7776e-02, 2.2639e-03]])",0.3465002477169037,0.0315726213157177,0.6499999761581421,0.4000000059604645
236,False,"tensor([[2.5548e-05, 1.2328e-05],
        [2.6288e-05, 1.3593e-05],
        [2.7029e-05, 1.4947e-05],
        ...,
        [8.8344e-02, 2.3986e-02],
        [8.9831e-02, 2.3122e-02],
        [9.1305e-02, 2.2259e-02]])",0.25148916244506836,0.023577973246574402,0.6499999761581421,0.44999998807907104
237,False,"tensor([[0.0001, 0.0016],
        [0.0001, 0.0017],
        [0.0001, 0.0019],
        ...,
        [0.0146, 0.0050],
        [0.0144, 0.0048],
        [0.0141, 0.0045]])",0.51793372631073,0.06432466953992844,0.6499999761581421,1.350000023841858
238,False,"tensor([[5.5901e-05, 1.5651e-03],
        [6.5495e-05, 1.7225e-03],
        [7.6393e-05, 1.8881e-03],
        ...,
        [3.2438e+00, 4.2028e-02],
        [3.2552e+00, 3.1358e-02],
        [3.2651e+00, 2.2226e-02]])",3.808739185333252,0.5394918322563171,0.6499999761581421,1.399999976158142
239,False,"tensor([[4.7763e-06, 1.0026e-04],
        [4.3089e-06, 1.0147e-04],
        [3.8539e-06, 1.0224e-04],
        ...,
        [5.5355e-01, 1.2043e-02],
        [5.5107e-01, 1.5274e-02],
        [5.4828e-01, 1.8880e-02]])",0.7500141263008118,0.09080496430397034,0.6499999761581421,1.4500000476837158
240,False,"tensor([[1.1582e-05, 4.4491e-05],
        [1.3308e-05, 4.7497e-05],
        [1.5182e-05, 5.0569e-05],
        ...,
        [4.4253e-03, 3.6243e-04],
        [4.4742e-03, 3.7260e-04],
        [4.5233e-03, 3.8289e-04]])",0.08678489923477173,0.011420061811804771,0.699999988079071,0.10000000149011612
241,False,"tensor([[2.1074e-05, 1.5494e-05],
        [2.2802e-05, 1.7080e-05],
        [2.4666e-05, 1.8749e-05],
        ...,
        [8.9373e-04, 1.2811e-02],
        [9.9957e-04, 1.3310e-02],
        [1.1140e-03, 1.3814e-02]])",0.08840057253837585,0.009073883295059204,0.699999988079071,0.15000000596046448
242,False,"tensor([[1.1691e-05, 3.0553e-04],
        [9.4205e-06, 3.4133e-04],
        [7.2760e-06, 3.7972e-04],
        ...,
        [2.5796e-01, 4.6996e-02],
        [2.6123e-01, 4.4170e-02],
        [2.6441e-01, 4.1409e-02]])",0.5093328952789307,0.0778331458568573,0.699999988079071,0.20000000298023224
243,False,"tensor([[3.8689e-06, 5.9163e-05],
        [4.7937e-06, 6.6851e-05],
        [5.8622e-06, 7.5166e-05],
        ...,
        [8.1508e-01, 5.7975e-01],
        [7.9345e-01, 5.7753e-01],
        [7.7216e-01, 5.7517e-01]])",3.70949125289917,0.2372136265039444,0.699999988079071,0.30000001192092896
244,False,"tensor([[1.5738e-05, 2.1400e-05],
        [1.6196e-05, 2.3807e-05],
        [1.6617e-05, 2.6380e-05],
        ...,
        [5.9590e-02, 2.4768e-02],
        [6.0798e-02, 2.4135e-02],
        [6.2002e-02, 2.3500e-02]])",0.06200167536735535,0.005602636374533176,0.699999988079071,0.3499999940395355
245,False,"tensor([[1.1896e-07, 3.1184e-05],
        [1.0371e-07, 3.1826e-05],
        [8.9619e-08, 3.2439e-05],
        ...,
        [4.3315e-01, 2.7469e-02],
        [4.2973e-01, 3.1081e-02],
        [4.2612e-01, 3.4908e-02]])",1.496830940246582,0.15567409992218018,0.699999988079071,0.4000000059604645
246,False,"tensor([[0.0001, 0.0002],
        [0.0001, 0.0003],
        [0.0002, 0.0003],
        ...,
        [0.0628, 0.0358],
        [0.0642, 0.0352],
        [0.0657, 0.0346]])",2.609264373779297,0.18090227246284485,0.699999988079071,0.44999998807907104
247,False,"tensor([[3.9354e-05, 8.6842e-04],
        [3.2878e-05, 9.9964e-04],
        [2.6590e-05, 1.1429e-03],
        ...,
        [3.1992e-01, 6.9775e-02],
        [3.1538e-01, 7.2924e-02],
        [3.1078e-01, 7.6122e-02]])",0.6717333793640137,0.12149879336357117,0.699999988079071,1.350000023841858
248,False,"tensor([[3.8317e-06, 2.8764e-04],
        [5.2581e-06, 3.2237e-04],
        [6.9728e-06, 3.5873e-04],
        ...,
        [4.1369e+00, 5.6313e-01],
        [4.0909e+00, 5.9738e-01],
        [4.0438e+00, 6.3235e-01]])",4.866701602935791,0.4521850347518921,0.699999988079071,1.399999976158142
249,False,"tensor([[1.3129e-05, 4.7032e-05],
        [1.4128e-05, 5.4738e-05],
        [1.5138e-05, 6.3111e-05],
        ...,
        [1.9180e-01, 6.5782e-01],
        [2.0308e-01, 6.4973e-01],
        [2.1460e-01, 6.4150e-01]])",0.7966639995574951,0.078844353556633,0.699999988079071,1.4500000476837158
250,False,"tensor([[1.4217e-05, 2.0488e-05],
        [1.6300e-05, 2.3098e-05],
        [1.8568e-05, 2.5884e-05],
        ...,
        [5.6106e-04, 4.3406e-03],
        [6.0401e-04, 4.6799e-03],
        [6.5033e-04, 5.0307e-03]])",0.3973182737827301,0.050291553139686584,0.75,0.10000000149011612
251,False,"tensor([[5.7838e-06, 6.6337e-05],
        [7.1844e-06, 7.2192e-05],
        [8.7653e-06, 7.8350e-05],
        ...,
        [6.3388e-02, 2.9652e-02],
        [6.2024e-02, 2.8347e-02],
        [6.0705e-02, 2.7056e-02]])",2.9554498195648193,0.330603688955307,0.75,0.15000000596046448
252,False,"tensor([[4.9180e-06, 5.0290e-05],
        [4.3650e-06, 5.4570e-05],
        [3.8231e-06, 5.9013e-05],
        ...,
        [6.5866e-02, 1.5433e-03],
        [6.6209e-02, 1.3713e-03],
        [6.6536e-02, 1.2088e-03]])",0.5361737608909607,0.044844672083854675,0.75,0.20000000298023224
253,False,"tensor([[4.4160e-07, 8.9181e-06],
        [4.0390e-07, 9.3949e-06],
        [3.6496e-07, 9.8817e-06],
        ...,
        [2.0450e+00, 2.7805e-01],
        [2.0211e+00, 2.9028e-01],
        [1.9968e+00, 3.0259e-01]])",3.4129385948181152,0.3026842772960663,0.75,0.30000001192092896
254,False,"tensor([[2.6978e-05, 5.7083e-06],
        [2.8557e-05, 6.0570e-06],
        [3.0230e-05, 6.4204e-06],
        ...,
        [1.9936e-02, 1.0352e-03],
        [2.0089e-02, 9.8462e-04],
        [2.0240e-02, 9.3426e-04]])",0.04001830145716667,0.003079310292378068,0.75,0.3499999940395355
255,False,"tensor([[7.7295e-06, 5.0606e-09],
        [8.1272e-06, 4.5525e-09],
        [8.5423e-06, 4.2949e-09],
        ...,
        [7.5428e-01, 4.9862e-02],
        [7.4892e-01, 5.3370e-02],
        [7.4337e-01, 5.6972e-02]])",0.8175240755081177,0.07924006879329681,0.75,0.4000000059604645
256,False,"tensor([[3.4889e-05, 2.6721e-04],
        [3.2715e-05, 2.9899e-04],
        [3.0445e-05, 3.3264e-04],
        ...,
        [1.5224e+00, 9.3186e-01],
        [1.5600e+00, 9.1102e-01],
        [1.5976e+00, 8.9059e-01]])",6.618080139160156,0.4717921316623688,0.75,1.25
257,False,"tensor([[4.7170e-06, 9.7626e-05],
        [5.5431e-06, 1.1017e-04],
        [6.4740e-06, 1.2363e-04],
        ...,
        [4.1897e-02, 1.0719e-02],
        [4.1258e-02, 1.1906e-02],
        [4.0592e-02, 1.3142e-02]])",1.7886979579925537,0.12662355601787567,0.75,1.2999999523162842
258,False,"tensor([[1.5768e-05, 1.4465e-04],
        [1.6947e-05, 1.5185e-04],
        [1.8180e-05, 1.5907e-04],
        ...,
        [3.9848e-01, 2.3146e-01],
        [3.8925e-01, 2.3772e-01],
        [3.7999e-01, 2.4403e-01]])",0.7165895700454712,0.06933589279651642,0.75,1.399999976158142
259,False,"tensor([[1.0845e-05, 3.4230e-04],
        [9.6813e-06, 3.6565e-04],
        [8.4592e-06, 3.8937e-04],
        ...,
        [5.9028e-01, 1.6109e-01],
        [6.0003e-01, 1.5999e-01],
        [6.0982e-01, 1.5872e-01]])",0.8907419443130493,0.09663468599319458,0.75,1.4500000476837158
260,False,"tensor([[2.6558e-07, 5.0083e-05],
        [3.8279e-07, 5.2010e-05],
        [5.2360e-07, 5.3824e-05],
        ...,
        [1.5883e-01, 3.5952e-01],
        [1.6636e-01, 3.5212e-01],
        [1.7397e-01, 3.4466e-01]])",0.7276967167854309,0.07226328551769257,0.800000011920929,0.30000001192092896
261,False,"tensor([[4.3108e-05, 1.1354e-04],
        [4.3092e-05, 1.2906e-04],
        [4.2900e-05, 1.4582e-04],
        ...,
        [1.8449e+00, 1.9432e-02],
        [1.8500e+00, 1.6574e-02],
        [1.8546e+00, 1.3940e-02]])",4.1759514808654785,0.23705095052719116,0.800000011920929,0.3499999940395355
262,False,"tensor([[1.4479e-06, 3.2163e-06],
        [1.5456e-06, 3.8182e-06],
        [1.6505e-06, 4.4970e-06],
        ...,
        [1.1102e+00, 2.0142e-01],
        [1.0952e+00, 2.1240e-01],
        [1.0800e+00, 2.2342e-01]])",1.3556526899337769,0.2216717153787613,0.800000011920929,1.350000023841858
263,False,"tensor([[3.3427e-07, 1.4868e-03],
        [1.5847e-08, 1.6331e-03],
        [1.2468e-07, 1.7885e-03],
        ...,
        [1.2959e-01, 3.5164e+00],
        [1.5169e-01, 3.4810e+00],
        [1.7539e-01, 3.4447e+00]])",7.216575622558594,0.929761528968811,0.800000011920929,1.399999976158142
264,False,"tensor([[1.0371e-06, 7.7973e-05],
        [1.2699e-06, 8.4718e-05],
        [1.5041e-06, 9.2126e-05],
        ...,
        [9.2047e-01, 5.9626e-01],
        [8.9725e-01, 6.1312e-01],
        [8.7400e-01, 6.3053e-01]])",3.145479679107666,0.381976842880249,0.800000011920929,1.4500000476837158
