,connectivity,spectral_radius,n_nodes,regularization,bias
0,0.15048306,0.66425854,0.2866088,0.6424675,0.6182593
1,0.33981806,0.1620234,0.113424756,0.43910116,0.87115604
2,0.9408087,0.83211386,0.9991725,0.89525783,0.30676007
3,0.85620177,0.06164738,0.4430315,0.061096463,0.9023458
4,0.4886254,0.95201355,0.5768148,0.6050333,0.4629498
5,0.052472346,0.44045532,0.78119606,0.30840072,0.21780083
6,0.6690724,0.54978335,0.14545952,0.85821795,0.64944524
7,0.7148591,0.21100773,0.93135744,0.52175695,0.5423579
8,0.06700935,0.7909497,0.04952739,0.06577585,0.10675387
9,0.38036874,0.28535703,0.34758788,0.7686539,0.3518993
10,0.7791958,0.7087726,0.72746515,0.3183891,0.7952549
11,0.92409533,0.4365145,0.20545016,0.7306277,0.3830895
12,0.2918552,0.57715404,0.8372919,0.18086396,0.9514451
13,0.22972651,0.06529002,0.50803506,0.97798485,0.6985443
14,0.6129435,0.92495626,0.37814662,0.43399453,0.13794027
15,0.57741314,0.09559033,0.00090526044,0.25711593,0.2665627
16,0.21081345,0.89074206,0.8866568,0.8304011,0.8349411
17,0.27172095,0.40407044,0.7135873,0.0020296862,0.5819794
18,0.8892979,0.6056842,0.3297885,0.58499855,0.021474436
19,0.7822548,0.25688815,0.8547098,0.49722195,0.6756695
20,0.43126476,0.7411554,0.21897708,0.9142855,0.24016453
21,0.11766075,0.24528272,0.4232287,0.24265589,0.48524898
22,0.7196276,0.7605886,0.55700815,0.6693383,0.9286274
23,0.6423465,0.4689931,0.27260882,0.95892656,0.7546304
24,0.009129906,0.5173469,0.6524823,0.37590438,0.31513533
25,0.4460149,0.027440792,0.95067245,0.70378757,0.07004732
26,0.82825565,0.9823215,0.0688462,0.1305557,0.50166893
27,0.99951667,0.13165468,0.62201893,0.79650116,0.16373694
28,0.35069022,0.8663812,0.49212664,0.36964336,0.72035855
29,0.16306372,0.3700817,0.16275536,0.5417613,0.9733162
30,0.56091386,0.635782,0.7946009,0.12487313,0.40882114
31,0.5416348,0.18142648,0.32672778,0.73929125,0.71468186
32,0.17404294,0.8205376,0.6929443,0.15633026,0.15415412
33,0.3631333,0.31824148,0.8953034,0.98470193,0.39923945
34,0.97974837,0.67589486,0.031039737,0.41140935,0.9676408
35,0.8172621,0.46792644,0.5363997,0.5150379,0.3679311
36,0.46531016,0.5457335,0.42019445,0.08836294,0.81133246
37,0.028912473,0.03423629,0.24913847,0.7599923,0.5583697
38,0.62988716,0.9560014,0.8633905,0.3429209,0.12284195
39,0.7384203,0.30478683,0.0872581,0.038762994,0.20274942
40,0.10619517,0.69716966,0.9554166,0.611987,0.63434803
41,0.41930804,0.19163805,0.62793684,0.28410357,0.88730675
42,0.8025095,0.80249065,0.25782555,0.86713314,0.4478345
43,0.90078163,0.09273446,0.79937154,0.21667346,0.8559989
44,0.2529159,0.9209331,0.18120185,0.6335542,0.29152662
45,0.1905407,0.40900806,0.47737744,0.46143654,0.04643772
46,0.5893823,0.58123726,0.59750044,0.8883022,0.60303634
47,0.60097146,0.37686944,0.96876043,0.80346465,0.9884935
48,0.55039746,0.95280594,0.27552354,0.9195029,0.042663075
49,0.99815726,0.47095355,0.09237346,0.42881367,0.47440317
50,0.10069072,0.65009624,0.72268224,0.74346906,0.56152135
51,0.16226342,0.32094863,0.39613396,0.0061613657,0.28332424
52,0.81170636,0.55013156,0.79610366,0.8204124,0.7433215
53,0.7369709,0.029999867,0.60498124,0.3306387,0.8040139
54,0.35516325,0.84891975,0.20416972,0.52810633,0.2309339
55,0.27111143,0.43652952,0.6458597,0.7908775,0.12076901
56,0.63730496,0.69233286,0.046682972,0.10113081,0.90684646
57,0.8135915,0.22765778,0.35495126,0.6220935,0.6083773
58,0.2110356,0.89348006,0.95499325,0.30012155,0.42753962
59,0.024576865,0.06637756,0.15653734,0.94953847,0.6652079
60,0.87517256,0.80472964,0.52622503,0.12697905,0.36143017
61,0.57584643,0.27138883,0.8422213,0.6489793,0.18407033
62,0.45769176,0.60750395,0.47362775,0.45982006,0.85086983
63,0.4925439,0.30996406,0.00040795654,0.34510916,0.5141242
64,0.5950736,0.568925,0.6825985,0.54608667,0.4582523
65,0.9188135,0.10495661,0.9983479,0.05246576,0.026512984
66,0.052592836,0.7661545,0.31725717,0.8710196,0.93756384
67,0.23917387,0.18908253,0.55223805,0.37980774,0.21575943
68,0.85735476,0.932059,0.14054886,0.6979725,0.75759333
69,0.65665394,0.39795047,0.44858533,0.20331395,0.69690186
70,0.3060854,0.730908,0.8611149,0.90468055,0.2681509
71,0.31970075,0.052953906,0.30226707,0.6674527,0.38014638
72,0.7171334,0.82596964,0.8897263,0.47380707,0.5922378
73,0.76940817,0.34389883,0.6988586,0.99965453,0.8907079
74,0.13559023,0.52717763,0.11053656,0.17376883,0.07337655
75,0.07413936,0.4479995,0.75055915,0.57708997,0.8357069
76,0.9559809,0.67304635,0.43165392,0.25063205,0.13765348
77,0.53068227,0.15319408,0.24874313,0.775564,0.31501445
78,0.38127416,0.97575986,0.56655663,0.08249058,0.65004593
79,0.39411274,0.49314296,0.34299013,0.96082866,0.16594335
80,0.5103373,0.62796414,0.97427803,0.1501098,0.86216563
81,0.9444059,0.17079523,0.65733665,0.6281686,0.6843172
82,0.09187987,0.95809746,0.026905823,0.4506063,0.3511167
83,0.15542166,0.0039199144,0.85369825,0.7992378,0.62052757
84,0.7559864,0.87494236,0.4538506,0.12133216,0.406605
85,0.6988784,0.33018917,0.1445762,0.60030645,0.10764789
86,0.33069348,0.54094857,0.5455098,0.2899309,0.9268102
87,0.29352006,0.2379332,0.10433859,0.029295024,0.7840521
88,0.67733413,0.88314706,0.7033933,0.83170545,0.2440493
89,0.8672508,0.41184345,0.8954608,0.3214201,0.30425313
90,0.21981451,0.71707624,0.2952967,0.50729084,0.7311731
91,0.031387627,0.2650039,0.5935085,0.2426438,0.48471093
92,0.93079954,0.61394644,0.22394288,0.92786604,0.542414
93,0.613907,0.08717214,0.40809909,0.41861832,0.97366613
94,0.4820695,0.78387773,0.7768147,0.72167724,0.060784325
95,0.4387964,0.11109309,0.7498819,0.583252,0.33497155
96,0.8022608,0.10905769,0.24888673,0.64440185,0.45158908
97,0.59740746,0.6244353,0.48331708,0.0114018405,0.2255438
98,0.31665802,0.4856221,0.8618955,0.82797056,0.76586765
99,0.4149908,0.70243365,0.10328644,0.31720287,0.106916316
100,0.6396959,0.31387272,0.73998255,0.5006551,0.90203893
101,0.96210283,0.8297157,0.9741649,0.14926627,0.6749639
102,0.24883384,0.21831469,0.3691003,0.9654624,0.31824806
103,0.16677774,0.5464393,0.80801165,0.5943454,0.40249157
104,0.88791275,0.40784016,0.4131831,0.2860393,0.6044228
105,0.7138898,0.92324823,0.17889403,0.9341641,0.8148975
106,0.49705067,0.061809074,0.54230475,0.24309888,0.17651019
107,0.2659015,0.7512467,0.29690066,0.7381963,0.94725025
108,0.55441016,0.14005974,0.918429,0.42927107,0.061708823
109,0.8452543,0.6559332,0.683892,0.7967536,0.2731064
110,0.06880734,0.26709712,0.03143405,0.10508449,0.7201018
111,0.106694564,0.6832952,0.38577437,0.1622637,0.78897434
112,0.82299185,0.3023553,0.7729125,0.9710201,0.20423718
113,0.5278452,0.786482,0.50708354,0.3692699,0.49387416
114,0.30809125,0.16744462,0.15160736,0.5608923,0.5150806
115,0.46075016,0.8959759,0.8754029,0.05211585,0.36153284
116,0.7345651,0.026701577,0.27743414,0.8604992,0.6298781
117,0.91215813,0.51129365,0.011845457,0.4778606,0.91836333
118,0.12690713,0.38060597,0.640988,0.66912514,0.08854675
119,0.20896319,0.86498153,0.20586064,0.7666668,0.12832804
120,0.9863482,0.24566905,0.5768555,0.08341389,0.86487967
121,0.6603712,0.72982615,0.8423069,0.70028895,0.59104407
122,0.37869024,0.34910038,0.44041306,0.3841701,0.4179145
123,0.3588477,0.5893202,0.7125738,0.8773372,0.7096754
124,0.5708425,0.4583574,0.06818728,0.19348092,0.28173178
125,0.77999836,0.9429799,0.33387908,0.5922132,0.008697056
126,0.05594188,0.073919676,0.94687825,0.27547568,0.99821687
127,0.041111723,0.5984968,0.13119967,0.72199965,0.25735047
128,0.7635728,0.4794361,0.52553993,0.41324067,0.73564744
129,0.5897029,0.9943482,0.7598329,0.8118684,0.9627233
130,0.37123162,0.113385946,0.39691046,0.12024352,0.04601782
131,0.3911992,0.8223548,0.63791233,0.60952115,0.83042777
132,0.67911416,0.1916285,0.016872255,0.30113652,0.16070853
133,0.9700494,0.70799786,0.25140554,0.9181514,0.38675472
134,0.19401394,0.3386859,0.9033752,0.22688557,0.61988074
135,0.1431964,0.91681045,0.46837005,0.33243766,0.65920424
136,0.9271131,0.036122337,0.8162936,0.5156933,0.33378983
137,0.7220466,0.55100405,0.581867,0.13319053,0.12239328
138,0.44201288,0.43173018,0.20280029,0.9493121,0.88635164
139,0.28923655,0.6290105,0.9579991,0.4444548,0.24107037
140,0.5154518,0.2599727,0.32081473,0.62831223,0.7500621
141,0.83782774,0.77631164,0.08662847,0.026453823,0.5395885
142,0.12311056,0.14537218,0.69218135,0.84319246,0.46705073
143,0.08314722,0.81144774,0.8593273,0.89342844,0.024201203
144,0.36709318,0.38548827,0.4274256,0.54900473,0.6839578
145,0.07505523,0.93512833,0.06425005,0.02886391,0.960962
146,0.79315054,0.064014,0.5895379,0.90140545,0.497064
147,0.93067425,0.8732589,0.281627,0.25555354,0.8236023
148,0.21285361,0.12711038,0.80667025,0.628095,0.35903308
149,0.4714748,0.6767807,0.7015459,0.16850136,0.011715901
150,0.62719214,0.32138318,0.20705839,0.7910732,0.54592687
151,0.7216317,0.979085,0.53996146,0.6992763,0.7330204
152,0.3769819,0.022018187,0.04937258,0.322798,0.1976504
153,0.18089125,0.5328554,0.4442575,0.8487982,0.42015743
154,0.9627054,0.46653172,0.96538687,0.22235052,0.88552076
155,0.82508236,0.7207071,0.16334297,0.6221086,0.30995855
156,0.043054618,0.2794176,0.68471694,0.495661,0.77501655
157,0.27262306,0.79022455,0.8215474,0.95720774,0.6228215
158,0.61705923,0.20818406,0.33120218,0.080729544,0.08714617
159,0.5787219,0.77146834,0.017447032,0.14479248,0.43960088
160,0.29727396,0.22841415,0.5114468,0.7683143,0.97545826
161,0.011064831,0.7175689,0.99986833,0.30993724,0.6274703
162,0.85510427,0.28401548,0.47433633,0.6834897,0.16259624
163,0.99858654,0.5287457,0.6547448,0.03638226,0.5174544
164,0.15476073,0.47015834,0.12896913,0.9099346,0.051909037
165,0.41139832,0.9593433,0.35982397,0.38710472,0.329585
166,0.69305986,0.04126259,0.8535791,0.51062644,0.86477107
167,0.6616087,0.6345723,0.397446,0.98132956,0.9258921
168,0.44290304,0.36506644,0.8873025,0.10390139,0.3914991
169,0.2487349,0.8154173,0.6181519,0.5681378,0.23899928
170,0.9045438,0.18641059,0.0962901,0.44067922,0.7033846
171,0.7611606,0.8763165,0.77473783,0.8416928,0.10145658
172,0.10507706,0.12234379,0.2531197,0.21423434,0.5655366
173,0.32875568,0.5726644,0.24153146,0.7390173,0.78834945
174,0.5471867,0.42818502,0.7316326,0.36158925,0.25365117
175,0.54113275,0.9181316,0.48839387,0.60249376,0.6064863
176,0.32315952,0.07832376,0.98288184,0.4828516,0.07221587
177,0.11116913,0.6006895,0.5255026,0.9392716,0.2946011
178,0.7667339,0.4013883,0.00045891013,0.069659896,0.75910896
179,0.8789663,0.66088474,0.8708088,0.71283436,0.43647736
180,0.22361512,0.3365491,0.3455214,0.3432225,0.9004358
181,0.468534,0.85894555,0.14620051,0.86018926,0.7483626
182,0.68672085,0.14411071,0.64044386,0.24054697,0.21354271
183,0.7187442,0.5469825,0.11253431,0.26593775,0.026555723
184,0.43656388,0.44922838,0.60287905,0.64729875,0.5622915
185,0.12911452,0.99529165,0.90355265,0.1811131,0.8394175
186,0.9733981,0.00703083,0.38217914,0.8124435,0.37442186
187,0.861265,0.80520785,0.746662,0.40755036,0.9460764
188,0.016706772,0.19198151,0.22553217,0.5388809,0.48065358
189,0.29116663,0.73801404,0.2681432,0.008242259,0.13321462
190,0.5730723,0.2652869,0.75873256,0.8896034,0.66852325
191,0.6069999,0.7025858,0.57230467,0.8204138,0.804242
192,0.7300793,0.95447147,0.17547491,0.8495575,0.9079915
193,0.8541648,0.19834718,0.439065,0.2593289,0.58068913
194,0.38381433,0.6060767,0.66227645,0.6681753,0.3855663
195,0.26548702,0.098519675,0.0563935,0.05629788,0.67337155
196,0.9809241,0.6908214,0.8418531,0.9024564,0.35349095
197,0.60670704,0.46202758,0.54319495,0.4847503,0.15094432
198,0.13955723,0.87363106,0.3237716,0.5838385,0.81531113
199,0.21804777,0.16703981,0.73266536,0.9724425,0.9605185
200,0.55949163,0.5122399,0.38433215,0.068833694,0.015517721
201,0.93539673,0.27241483,0.24583314,0.54102975,0.49662498
202,0.34224,0.92330575,0.90238243,0.3903506,0.536112
203,0.46158358,0.4307031,0.25353563,0.7755436,0.2808958
204,0.8076395,0.77984184,0.5978368,0.18708694,0.6951406
205,0.6818469,0.004843451,0.771586,0.7069562,0.8014919
206,0.087503895,0.6596118,0.11100448,0.3655699,0.23124512
207,0.09942037,0.03149432,0.42517954,0.46859577,0.41408622
208,0.6312369,0.63258713,0.70783913,0.6195534,0.60983276
209,0.7571458,0.4040512,0.9129876,0.021560054,0.8780493
210,0.473624,0.8068676,0.18881111,0.92544734,0.089289024
211,0.34582812,0.2990963,0.59254193,0.28732473,0.84396064
212,0.8765118,0.8962504,0.3061019,0.6284326,0.17995812
213,0.5007307,0.14035748,0.07351383,0.23436058,0.32341892
214,0.22175227,0.53929603,0.79391,0.82253873,0.6439194
215,0.17454901,0.4977126,0.13404721,0.74643564,0.50603247
216,0.57916427,0.8380605,0.9833456,0.33777624,0.46715006
217,0.9532612,0.062835544,0.6531061,0.8023602,0.04414446
218,0.30035105,0.72639114,0.4955687,0.14077103,0.9895248
219,0.42707178,0.23406278,0.84852076,0.5055781,0.20127988
220,0.8349563,0.5704756,0.0032469388,0.40630296,0.77190244
221,0.710743,0.33038977,0.3607439,0.94965374,0.7236528
222,0.0511534,0.9900716,0.5223057,0.1033083,0.31001642
223,0.04128869,0.21195027,0.20384574,0.7531937,0.7946905
224,0.697186,0.623587,0.9287624,0.16308048,0.23993918
225,0.82113975,0.34859818,0.6925985,0.6977595,0.25669187
226,0.417436,0.94086474,0.40872574,0.35862288,0.7174528
227,0.29459053,0.44830027,0.8096847,0.9947923,0.47455728
228,0.95119345,0.85600233,0.08854851,0.09284,0.5600722
229,0.57735604,0.11615248,0.28964815,0.55022657,0.9520691
230,0.16855955,0.7045452,0.5773012,0.39729774,0.022075564
231,0.24727292,0.25476483,0.479115,0.032024436,0.12881564
232,0.5298828,0.9095686,0.63786536,0.8803125,0.83945453
233,0.9059232,0.18078053,0.9991203,0.47759736,0.6649831
234,0.37111995,0.52988577,0.14908193,0.57490885,0.3598656
235,0.49497858,0.02236684,0.5070651,0.21205476,0.5740707
236,0.7748685,0.6732319,0.34429017,0.8717013,0.39419928
237,0.6487003,0.4170866,0.018281594,0.26648197,0.094483785
238,0.12100377,0.76231444,0.86429554,0.67710507,0.93036485
239,0.070055075,0.39030984,0.6794454,0.5281807,0.74656725
240,0.1617502,0.004669477,0.94639254,0.5549093,0.8931752
241,0.2781555,0.8895511,0.5894146,0.12613815,0.50034356
242,0.58402395,0.38471046,0.33344546,0.9482434,0.27664784
243,0.67620623,0.7909424,0.7955236,0.4911457,0.67336494
244,0.4987257,0.29588023,0.031618048,0.68434507,0.41658416
245,0.07008718,0.66097003,0.42475933,0.0056935893,0.055006042
246,0.76279634,0.15992217,0.68363136,0.82811964,0.7844243
247,0.8132489,0.97335434,0.30156457,0.7248507,0.99562234
248,0.009868112,0.47229406,0.5568261,0.41805014,0.21932968
249,0.42523107,0.6030861,0.9146919,0.7705275,0.36163902
250,0.7438405,0.10800397,0.16244973,0.0929536,0.6027942
251,0.5271775,0.70168245,0.7165155,0.59644157,0.44097096
252,0.3291435,0.1968466,0.45634452,0.28996086,0.71154207
253,0.22705038,0.81614804,0.064329535,0.89256287,0.8226049
254,0.9088191,0.3170614,0.8272795,0.21466799,0.07938931
255,0.89311767,0.84611714,0.5052969,0.05153222,0.3078949
256,0.21125789,0.34910384,0.26129645,0.8739579,0.5315984
257,0.34487498,0.7337229,0.14943378,0.4453075,0.92443025
258,0.54293996,0.22681762,0.8984105,0.6385065,0.1655818
259,0.6968891,0.5706773,0.48055997,0.17209642,0.75317866
260,0.3781886,0.0774243,0.7215965,0.994202,0.0237536
261,0.05684954,0.94277275,0.85985684,0.3154312,0.3853315
262,0.8602613,0.4398872,0.12354865,0.508951,0.6421195
263,0.8097778,0.6299041,0.9905054,0.90714896,0.57154745
264,0.11709963,0.12702328,0.24290004,0.22925463,0.3303838
265,0.45177433,0.75804156,0.35369363,0.5818549,0.18807471
266,0.62916374,0.26481625,0.59846276,0.27537474,0.9643754
267,0.5997554,0.92110723,0.03050388,0.78523827,0.11063462
268,0.29391798,0.41418955,0.7673404,0.10766382,0.8538577
269,0.14604875,0.5332609,0.62825704,0.7101405,0.74279463
270,0.9680914,0.036227524,0.3883363,0.4033394,0.47221652
271,0.9453961,0.9019476,0.88693213,0.618802,0.82818216
272,0.1277293,0.4028925,0.12772451,0.30034316,0.073354326
273,0.30834347,0.52210116,0.26598486,0.88536584,0.46275306
274,0.61072135,0.017296802,0.5299208,0.18819912,0.69021773
275,0.64357674,0.6735039,0.09892494,0.74741334,0.35159093
276,0.46275085,0.17845513,0.85516864,0.4291534,0.6123845
277,0.09441472,0.80915296,0.743306,0.76405144,0.9705291
278,0.791446,0.30812612,0.49203855,0.06668691,0.24488066
279,0.85125303,0.62201387,0.6241319,0.48196527,0.033224285
280,0.044374265,0.12099749,0.3612126,0.6637053,0.8057483
281,0.3945519,0.98611706,0.22212923,0.029976401,0.667788
282,0.71763605,0.49108645,0.98196435,0.8326118,0.4226189
283,0.55932146,0.83472484,0.39687762,0.35299146,0.52543646
284,0.3656018,0.32991764,0.6490281,0.5345327,0.2510971
285,0.20222966,0.71482664,0.7598217,0.15068418,0.14438272
286,0.8806604,0.21574575,0.0048349667,0.95351756,0.8835852
287,0.92764187,0.7443057,0.3268953,0.81196535,0.72147053
288,0.57491225,0.63865656,0.06252885,0.38641044,0.75213313
289,0.88147706,0.21921542,0.39376488,0.8085726,0.7182025
290,0.10517879,0.7785427,0.56401163,0.17439643,0.011101171
291,0.20430379,0.062050737,0.13342547,0.7047169,0.60828745
292,0.8087428,0.94022536,0.8379972,0.33673045,0.18242079
293,0.7404297,0.42118666,0.63395494,0.97715193,0.3511496
294,0.2764936,0.58012307,0.33941707,0.095657505,0.9255283
295,0.34933254,0.18444403,0.5355326,0.2629178,0.87038755
296,0.6334438,0.8140819,0.4910659,0.62923,0.42129728
297,0.8151297,0.29308823,0.037023354,0.050787054,0.11154097
298,0.17152137,0.7044643,0.9915244,0.9349939,0.66220725
299,0.020651665,0.48821798,0.31103048,0.4671426,0.19106038
300,0.99239975,0.51434,0.7312225,0.58516,0.522992
301,0.5489636,0.09685848,0.81245834,0.2259577,0.94807625
302,0.46796256,0.9047187,0.23174399,0.85748285,0.28025082
303,0.49990442,0.068563424,0.4553316,0.94669586,0.035187867
304,0.5185123,0.93306434,0.5009505,0.06251593,0.7345205
305,0.9617949,0.45991817,0.95682395,0.7346858,0.7944084
306,0.052684132,0.54268074,0.00141514,0.3684081,0.49349618
307,0.14009157,0.25880793,0.6956714,0.77543,0.90324396
308,0.8460931,0.73854345,0.27626535,0.14393947,0.32106614
309,0.6644978,0.15016662,0.19710457,0.53436863,0.14609848
310,0.3177492,0.8481638,0.77678907,0.41637817,0.564166
311,0.30855665,0.3850715,0.09825175,0.19391374,0.63409406
312,0.7098554,0.61627346,0.92788416,0.82812446,0.09119262
313,0.778261,0.02594604,0.59872365,0.49967393,0.37523985
314,0.23621516,0.97638637,0.42936924,0.6159822,0.8320949
315,0.073626,0.19275525,0.873537,0.02142957,0.29850864
316,0.9125616,0.80481684,0.16819437,0.90295094,0.9741294
317,0.60584515,0.3336185,0.374068,0.29374108,0.55553216
318,0.3764066,0.6649184,0.6696203,0.6617621,0.23139581
319,0.39162797,0.23486786,0.018880296,0.44699734,0.9649111
320,0.62117374,0.76343334,0.9393845,0.5633207,0.25805578
321,0.92773765,0.34399614,0.51842713,0.23487282,0.20837598
322,0.08893892,0.6533234,0.4378884,0.8690679,0.5012777
323,0.22029191,0.43719766,0.7590684,0.2762198,0.098579824
324,0.76223046,0.5653723,0.21479185,0.64425594,0.6727159
325,0.6939164,0.04632964,0.2585561,0.035043944,0.8569459
326,0.2924808,0.95526606,0.7133548,0.9165497,0.43132535
327,0.3330931,0.30946496,0.4116638,0.6936125,0.36067995
328,0.6797039,0.6891028,0.61639565,0.32731944,0.91159236
329,0.86139077,0.16811308,0.9101597,0.99948716,0.6173372
330,0.1552829,0.8294892,0.115950465,0.11532212,0.16800433
331,0.03663833,0.11312076,0.6871007,0.5206401,0.6969819
332,0.9458869,0.88924277,0.35661337,0.4026342,0.028914642
333,0.5024517,0.47175732,0.18565571,0.793066,0.43824974
334,0.48395017,0.52961755,0.856109,0.16159035,0.77042735
335,0.4524222,0.44342032,0.58171046,0.002024307,0.5450162
336,0.7689263,0.92947036,0.8164929,0.9409741,0.1224066
337,0.5343012,0.072532505,0.51954824,0.15736744,0.42097706
338,0.12498636,0.7265098,0.37417507,0.5767567,0.9031941
339,0.22385423,0.24427433,0.8866508,0.43044502,0.27136445
340,0.68149465,0.5855285,0.2195354,0.8354309,0.7872733
341,0.8844263,0.41610017,0.42272624,0.0525567,0.7386714
342,0.45827,0.7574536,0.71483195,0.71330565,0.19499297
343,0.4352668,0.015828326,0.2757654,0.79312843,0.012487295
344,0.97005135,0.68506825,0.61060315,0.44099614,0.5615351
345,0.7042678,0.31250158,0.782544,0.6574636,0.9817495
346,0.13845882,0.98214597,0.072696604,0.0766736,0.46730727
347,0.022515357,0.48476627,0.6862542,0.93052816,0.8356768
348,0.5741499,0.84161884,0.45859778,0.33533478,0.34809065
349,0.87067896,0.15656933,0.13040309,0.5525347,0.1779687
350,0.2885168,0.51356673,0.9830768,0.21334088,0.6308254
351,0.28062117,0.12953149,0.5879993,0.025333267,0.93577516
352,0.81613374,0.5401159,0.29809463,0.7405294,0.38861725
353,0.6130605,0.45760635,0.094899945,0.39541265,0.093494855
354,0.04604182,0.86829007,0.7598219,0.87046313,0.6059243
355,0.17762733,0.34857264,0.4988067,0.13771613,0.22391142
356,0.72754014,0.9465637,0.64638096,0.5964082,0.709486
357,0.9623984,0.051533196,0.9433218,0.25007075,0.75469893
358,0.3804827,0.6498522,0.17073789,0.98406667,0.30373278
359,0.48187038,0.38955107,0.8586855,0.5253076,0.49646375
360,0.92338884,0.78449154,0.0043065855,0.2405686,0.95279896
361,0.62690127,0.21760318,0.33249745,0.8954993,0.5291986
362,0.21588849,0.6126885,0.5618667,0.37036285,0.04509088
363,0.070158854,0.108114816,0.19879311,0.6378164,0.6631553
364,0.5265658,0.6904388,0.90693533,0.09632157,0.14535655
365,0.79227734,0.3110371,0.73499066,0.7500316,0.31892744
366,0.36685574,0.89376557,0.40186572,0.48409235,0.8646187
367,0.34687215,0.08416242,0.78067786,0.92108333,0.1712058
368,0.81232363,0.7457024,0.113562815,0.31304112,0.6529346
369,0.51531774,0.2559644,0.28550357,0.5333538,0.82698953
370,0.08134754,0.91764945,0.5776092,0.20078327,0.37217763
371,0.19681792,0.42821288,0.18329369,0.80837244,0.98841196
372,0.64590865,0.77714044,0.9536843,0.45749038,0.44522175
373,0.911223,0.22488528,0.6254897,0.6785355,0.02113542
374,0.49409512,0.5742171,0.48011616,0.08733993,0.53753257
375,0.39162537,0.34025264,0.5412494,0.4210613,0.73148996
376,0.95107096,0.98619443,0.31359306,0.8130763,0.21753602
377,0.7476625,0.012077633,0.016648516,0.033436935,0.26225832
378,0.15768641,0.6581185,0.8693219,0.7006871,0.8117944
379,0.058345474,0.1838109,0.38954955,0.30846858,0.42819747
380,0.6009421,0.51714766,0.72438765,0.95740724,0.88056594
381,0.83509797,0.48052132,0.9275784,0.17850031,0.58593607
382,0.26147598,0.8141863,0.21773086,0.58736193,0.09786162
383,0.30070326,0.44627994,0.35377127,0.65131986,0.3437236
384,0.5655831,0.65114343,0.6507365,0.6438272,0.5313426
385,0.6604114,0.70089644,0.078138985,0.19693632,0.31976452
386,0.38422316,0.9985268,0.5837101,0.11958502,0.97742313
387,0.30257645,0.8679556,0.47491133,0.9235243,0.76135397
388,0.31782317,0.90823704,0.23523559,0.25609636,0.72356987
389,0.92360926,0.93408996,0.6436734,0.64808863,0.91154736
390,0.37713134,0.8075942,0.2662013,0.2719105,0.27783892
391,0.68298346,0.656098,0.7177446,0.56760865,0.60326296
392,0.6625452,0.84766555,0.6763584,0.8728795,0.548481
393,0.8121189,0.6325926,0.10974285,0.7643865,0.26690772
394,0.41271946,0.92956734,0.5571095,0.18212157,0.9599842
395,0.29456675,0.8484285,0.44685817,0.9529613,0.73951465
396,0.42848825,0.8941071,0.2038901,0.23533042,0.5951197
397,0.88657033,0.89533615,0.60909474,0.8897898,0.8374543
398,0.3987734,0.8376313,0.28079495,0.2870417,0.37629405
399,0.37864372,0.68544734,0.75557613,0.9876313,0.62541515
400,0.87018347,0.806412,0.85724515,0.9584186,0.4031894
401,0.87560314,0.62812907,0.71319914,0.67735195,0.082848944
402,0.35928524,0.9922451,0.6339622,0.057624917,0.97515404
403,0.29054138,0.82942814,0.5338999,0.9342418,0.90299976
404,0.089217246,0.9771536,0.16708589,0.22479114,0.7302781
405,0.9552376,0.8959779,0.67967856,0.6066135,0.9474612
406,0.47740066,0.8554999,0.18610817,0.20556878,0.23806423
407,0.85046613,0.6718849,0.5873999,0.59830487,0.5632924
408,0.46182805,0.6978461,0.80757135,0.66603684,0.5269067
409,0.91898674,0.6350193,0.61477405,0.6581516,0.15527421
410,0.20735353,0.9345493,0.66626596,0.10555876,0.8915359
411,0.19031498,0.8404927,0.3183037,0.9133962,0.8333329
412,0.305221,0.83564156,0.23782937,0.08033831,0.7445272
413,0.037387446,0.8392203,0.8485836,0.2796416,0.8034435
414,0.41905752,0.8039915,0.27606028,0.12337062,0.24436168
415,0.65558934,0.60527265,0.86831087,0.6431015,0.52888507
416,0.5815065,0.62012124,0.94149745,0.43320405,0.44799533
417,0.8821531,0.63546723,0.73476404,0.50835586,0.14798787
418,0.9455072,0.92348886,0.6909583,0.20793366,0.36848775
419,0.24630694,0.85886514,0.53083646,0.92093426,0.4884032
420,0.020783836,0.72685456,0.06443323,0.32143843,0.7341223
421,0.28898546,0.8394239,0.6062721,0.6566669,0.41803503
422,0.14759544,0.6605601,0.2213429,0.21084954,0.29721317
423,0.8686383,0.6467703,0.64134073,0.6878092,0.45962736
424,0.5555114,0.52238387,0.8572141,0.65864396,0.2376442
425,0.8913518,0.61168265,0.71944875,0.64170426,0.18199627
426,0.3625196,0.99991906,0.71822107,0.115963265,0.94379306
427,0.23632327,0.83938587,0.49647522,0.90970886,0.55093896
428,0.4012371,0.90851325,0.1598012,0.26356786,0.73741156
429,0.256333,0.89572036,0.79561317,0.6510837,0.2650971
430,0.39493915,0.8070997,0.22021866,0.29262435,0.279378
431,0.8620369,0.69178605,0.642585,0.8551301,0.47302905
432,0.53434426,0.5764276,0.9582108,0.6136747,0.043724876
433,0.9376113,0.70356613,0.7438094,0.69174904,0.036272246
434,0.61423093,0.979079,0.4472677,0.18189499,0.79731905
435,0.808249,0.7073083,0.27252078,0.8677754,0.9820186
436,0.2668326,0.94042087,0.3306019,0.2972734,0.7795168
437,0.43685797,0.90289265,0.6684925,0.6975663,0.40215033
438,0.3356399,0.8309713,0.29439434,0.25155964,0.2797414
439,0.9224185,0.5225064,0.6785217,0.52608716,0.55519783
440,0.684981,0.53510106,0.7699955,0.7854322,0.36097056
441,0.8956672,0.5811415,0.48680001,0.6804666,0.28750694
442,0.4121913,0.9679798,0.5443977,0.11677539,0.94919425
443,0.3126234,0.85619587,0.48928016,0.92804474,0.42489845
444,0.115431346,0.64575815,0.20247434,0.32429078,0.72120845
445,0.24050339,0.8567529,0.695336,0.6105424,0.23630583
446,0.36590996,0.88143986,0.25377613,0.13421546,0.29142368
447,0.7597995,0.6477656,0.6403897,0.55211264,0.52859056
448,0.6108271,0.5528065,0.77103525,0.83356804,0.2612894
449,0.8734081,0.61501205,0.5782164,0.72810423,0.09454207
450,0.4120125,0.9750881,0.5916682,0.121963136,0.93762726
451,0.2858103,0.8035197,0.51257515,0.9254395,0.54493797
452,0.08952782,0.6666706,0.16396716,0.3311236,0.7381262
453,0.26109377,0.9048505,0.7864919,0.57236344,0.2610776
454,0.07910042,0.77531767,0.26010528,0.28028983,0.42859194
455,0.8672469,0.6181034,0.6374792,0.38050646,0.68041617
456,0.44441298,0.50652146,0.98734224,0.3563169,0.5306263
457,0.8806606,0.5671594,0.73950124,0.6054448,0.11376934
458,0.24517563,0.9926269,0.5543196,0.1976591,0.88010085
459,0.43857214,0.86888576,0.5462152,0.92365885,0.4809288
460,0.47519493,0.7529567,0.087850064,0.2902153,0.7254622
461,0.38857132,0.8843258,0.70196426,0.64914507,0.71421564
462,0.4214448,0.9069902,0.2539773,0.332169,0.25379705
463,0.91937983,0.62249607,0.6357948,0.7166815,0.5962455
464,0.5071477,0.542662,0.94494706,0.544349,0.49487323
465,0.8836889,0.6314941,0.78613895,0.6582647,0.10271226
466,0.3737653,0.9930895,0.5590122,0.05702553,0.984984
467,0.22138712,0.8745725,0.5305976,0.9164365,0.6516027
468,0.06620623,0.6380599,0.0698458,0.33378455,0.7314402
469,0.5133647,0.94161785,0.71617144,0.6435118,0.6169554
470,0.38230497,0.9777885,0.3089514,0.2517136,0.27828652
471,0.6322161,0.6357436,0.658448,0.7609139,0.5943097
472,0.9181422,0.79345906,0.7282542,0.6709674,0.2961699
473,0.87369365,0.41919667,0.7420072,0.5402811,0.3849591
474,0.34091353,0.9610779,0.5670201,0.11903864,0.9608879
475,0.12714414,0.82883877,0.6797224,0.7532463,0.45172364
476,0.04453204,0.669701,0.167549,0.30360988,0.7807166
477,0.32702377,0.8918292,0.5887583,0.64161015,0.9724772
478,0.5352061,0.71909595,0.26468375,0.3291456,0.27900228
479,0.79618615,0.64480126,0.65856886,0.5689093,0.5714709
480,0.47821254,0.56451774,0.92943215,0.30133024,0.39939806
481,0.7145642,0.5354135,0.72470295,0.7077495,0.12789145
482,0.38905466,0.9063465,0.5760334,0.10313496,0.8400562
483,0.3554314,0.73324406,0.4524191,0.91123885,0.5077045
484,0.059492484,0.7082595,0.12903778,0.2977577,0.7205633
485,0.27120522,0.8712041,0.5246649,0.64657867,0.29402804
486,0.40569592,0.9663948,0.25435334,0.24425992,0.085728
487,0.89622784,0.62084025,0.8875148,0.87009704,0.6335086
488,0.31858188,0.4102395,0.9963832,0.36323586,0.4635886
489,0.8247637,0.50989026,0.7033362,0.7725016,0.10550377
490,0.37494883,0.97093654,0.61721694,0.11607469,0.9148474
491,0.091192946,0.970318,0.51461804,0.9266338,0.4543144
492,0.0043306556,0.7639458,0.12756245,0.7431448,0.8683679
493,0.39869612,0.93514425,0.707628,0.6366457,0.7303851
494,0.37957886,0.7986375,0.108143635,0.29398528,0.14066526
495,0.8886905,0.5868106,0.673184,0.8886842,0.9291547
496,0.5441013,0.485801,0.84878373,0.40452918,0.56288874
497,0.9305059,0.7288108,0.71358514,0.8798204,0.114646606
498,0.41068968,0.9043218,0.5206039,0.12631384,0.92505985
499,0.3631837,0.8495067,0.46523637,0.90547997,0.4738115
500,0.030756464,0.73041475,0.13336842,0.3715031,0.6359023
501,0.2980318,0.8681937,0.25743964,0.6703079,0.37558094
502,0.3864547,0.7927076,0.06978278,0.1929701,0.2809682
503,0.92330015,0.6541476,0.27125528,0.86512387,0.54838026
504,0.3955571,0.5113937,0.963661,0.40318945,0.62566763
505,0.9903201,0.6008975,0.71957105,0.36507723,0.1279886
506,0.413863,0.86763877,0.5762995,0.124677986,0.9949111
507,0.5863605,0.94783443,0.52800894,0.80495816,0.5312863
508,0.05623295,0.7330936,0.09971297,0.34861094,0.73618215
509,0.41760013,0.87999904,0.74196446,0.6478705,0.49009594
510,0.3755563,0.80862623,0.30117437,0.30172616,0.2663613
511,0.8920465,0.64181924,0.7281524,0.36873868,0.5983635
512,0.5054245,0.49584714,0.8057158,0.25019848,0.53194284
513,0.9745531,0.61540496,0.7254293,0.7186422,0.12497835
514,0.4001408,0.9937966,0.5581459,0.11352098,0.995746
515,0.12395388,0.7913784,0.585508,0.98577636,0.50538296
516,0.026446646,0.8479916,0.043543264,0.31412995,0.69329166
517,0.3482684,0.8958504,0.83537227,0.645187,0.72062445
518,0.38171592,0.7839339,0.2677077,0.27321804,0.2955415
519,0.9318514,0.63681555,0.42587572,0.67945546,0.4312608
520,0.4400989,0.46680218,0.9926988,0.31700495,0.51733196
521,0.8895639,0.6025713,0.7227489,0.5489703,0.14675684
522,0.3925883,0.9699587,0.5865536,0.1258021,0.9817512
523,0.2946274,0.75101906,0.48727056,0.9911019,0.50536346
524,0.0408321,0.7561268,0.078090444,0.2871802,0.78790987
525,0.67189664,0.81497276,0.6123122,0.64638597,0.6504919
526,0.37909263,0.69890743,0.26604447,0.24541137,0.26883602
527,0.91192305,0.6514758,0.6426166,0.8485972,0.77034307
528,0.4283344,0.53913134,0.8909883,0.3288041,0.5278567
529,0.82478476,0.6155797,0.7203564,0.6205241,0.11905512
530,0.37471208,0.7964725,0.59153944,0.13138591,0.96254736
531,0.20039234,0.75208884,0.45892316,0.959653,0.44284084
532,0.018548805,0.93697214,0.078589305,0.2981119,0.7046617
533,0.361151,0.87127805,0.65049464,0.6509392,0.7699194
534,0.381335,0.77786076,0.26076967,0.24245203,0.27833134
535,0.91093075,0.6857503,0.5533254,0.7216124,0.50147104
536,0.4531652,0.49033284,0.9495244,0.38299233,0.5348357
537,0.8684813,0.661145,0.72623485,0.665362,0.15092093
538,0.39446276,0.9891676,0.5741079,0.11485632,0.9636765
539,0.28089726,0.7470587,0.45103675,0.85115206,0.54168653
540,0.054730568,0.7640373,0.056610826,0.26948836,0.5884342
541,0.906264,0.8986605,0.72860956,0.6568552,0.8958187
542,0.38186294,0.7933596,0.26842493,0.23189744,0.3037661
543,0.9285262,0.72932065,0.10164349,0.84825,0.44162914
544,0.38122535,0.54210246,0.99452347,0.33470625,0.5483497
545,0.818495,0.58948445,0.72222,0.5912578,0.04182289
546,0.35009697,0.92541546,0.58506167,0.12846778,0.9889826
547,0.45641494,0.77874243,0.49441075,0.9110018,0.50710404
548,0.00960927,0.68656164,0.079716675,0.32686836,0.5788925
549,0.070418745,0.89754003,0.74523985,0.65229696,0.71417916
550,0.4801648,0.82194763,0.26727834,0.26057988,0.34746873
551,0.9056233,0.67690593,0.5330988,0.8233583,0.44628155
552,0.43804586,0.54705083,0.84489566,0.2026398,0.6375371
553,0.83236206,0.6232898,0.7188373,0.6505994,0.1259721
554,0.44000468,0.9970209,0.60696036,0.13122785,0.9493887
555,0.31800652,0.7610868,0.18806377,0.96272624,0.48741722
556,0.21600534,0.7564934,0.025696153,0.31381857,0.7103111
557,0.3556301,0.8803058,0.62053394,0.6272769,0.75547326
558,0.42348683,0.7071563,0.2725997,0.29969203,0.37601054
559,0.92806286,0.69092155,0.5566207,0.9226044,0.7144419
560,0.4425155,0.62383354,0.9964477,0.34690386,0.58940256
561,0.6467257,0.63916504,0.7324904,0.6141968,0.10400064
562,0.34902513,0.9984551,0.6121544,0.10998794,0.9924217
563,0.37567,0.80662984,0.6359744,0.9212353,0.5527637
564,0.021507416,0.7658321,0.084059924,0.31147346,0.7462902
565,0.42621034,0.88121784,0.64725685,0.69060314,0.7743374
566,0.37261462,0.8055355,0.26949513,0.2833525,0.41294616
567,0.9039392,0.48805308,0.14169624,0.88168716,0.69478405
568,0.45230266,0.52592635,0.92253864,0.3498817,0.49283284
569,0.94194,0.59469026,0.71369314,0.65725887,0.096718095
570,0.4765579,0.9966281,0.57125306,0.12231073,0.9978296
571,0.33476126,0.72638977,0.3681466,0.9136874,0.46420363
572,0.023920013,0.7142097,0.1128713,0.32653862,0.77195156
573,0.38038328,0.8861293,0.7752725,0.6468253,0.7853341
574,0.3789673,0.79831934,0.27644926,0.19308427,0.29240283
575,0.92880243,0.6110203,0.63997257,0.95306194,0.45133418
576,0.44271922,0.5104189,0.99264926,0.33031273,0.54324955
577,0.772438,0.6209278,0.71830267,0.5788219,0.13407958
578,0.3693968,0.9964778,0.59290385,0.12520385,0.98155004
579,0.35272372,0.71418184,0.50017864,0.88507,0.51193607
580,0.26970184,0.7393754,0.11321058,0.32530624,0.6983301
581,0.31149697,0.87124693,0.66242087,0.6461462,0.73105717
582,0.38101968,0.81083965,0.24853548,0.26268706,0.29047197
583,0.9126879,0.69370854,0.6010937,0.80409825,0.7748301
584,0.44046354,0.47362098,0.9867113,0.34452853,0.53262377
585,0.84453267,0.59479415,0.72995645,0.6199831,0.10707471
586,0.305248,0.9997914,0.5792663,0.12014829,0.93528956
587,0.34648183,0.74150467,0.4210434,0.9179772,0.50637853
588,0.0060754116,0.72245014,0.033069886,0.31650203,0.71392506
589,0.43456954,0.8614783,0.6703549,0.64456487,0.71447355
590,0.3743773,0.7672674,0.31889167,0.26773912,0.28520384
591,0.9215758,0.6616763,0.42764962,0.64605594,0.5939474
592,0.43246314,0.5305373,0.93588233,0.3538135,0.62231874
593,0.87932056,0.6048878,0.71897155,0.63127035,0.14683703
594,0.41608426,0.9986563,0.5803933,0.11622398,0.9023901
595,0.3766592,0.70377386,0.4544425,0.993629,0.50071144
596,0.012968846,0.717324,0.06954636,0.32366633,0.7602015
597,0.36594248,0.87459135,0.6996277,0.65810066,0.69280803
598,0.38810754,0.8080405,0.38476503,0.2703952,0.28827685
599,0.90026134,0.585754,0.8994182,0.751757,0.61604124
600,0.436907,0.54644144,0.964368,0.3455231,0.49963328
601,0.8774505,0.5170113,0.72970366,0.60570604,0.12324989
602,0.47292244,0.9990387,0.5854086,0.12759519,0.9852304
603,0.39657396,0.7255037,0.45528707,0.9106976,0.54309267
604,0.028512942,0.7981233,0.050911956,0.3194813,0.7180826
605,0.3038897,0.88103384,0.64727277,0.64357126,0.75402814
606,0.3853218,0.767363,0.25477394,0.27636066,0.29213217
607,0.92089784,0.61617464,0.86323065,0.772638,0.62799597
608,0.43206644,0.51649743,0.8605674,0.34175253,0.59559315
609,0.78907233,0.5774708,0.72690284,0.6478729,0.11609522
610,0.47948983,0.99993485,0.5708179,0.12241038,0.9857237
611,0.33767787,0.6879091,0.45966253,0.9140196,0.53182346
612,0.033491284,0.6992857,0.09127872,0.32421178,0.7178398
613,0.37999147,0.88063365,0.72886944,0.639518,0.7094514
614,0.38530716,0.7901745,0.23784822,0.28405473,0.29352006
615,0.9266152,0.66979355,0.51142365,0.80491346,0.57142174
616,0.42260116,0.53139776,0.93640226,0.39244723,0.50399274
617,0.8285976,0.6830879,0.7205478,0.60529727,0.12357871
618,0.38251013,0.99787486,0.48374337,0.12787522,0.99127805
619,0.4451177,0.73003435,0.447036,0.99471134,0.4999535
620,0.0018619462,0.7252751,0.056777276,0.3097019,0.7353352
621,0.36043593,0.75773215,0.7006278,0.65142065,0.6635363
622,0.3825838,0.79870707,0.31493008,0.27307838,0.3428871
623,0.88117266,0.50882983,0.84393287,0.7429744,0.5744391
624,0.41571552,0.5598657,0.92807186,0.38272372,0.73789996
625,0.8234226,0.55433434,0.71948355,0.60496336,0.12293336
626,0.38298568,0.99909824,0.61406577,0.12455264,0.94260174
627,0.36188278,0.7256597,0.46292806,0.86752367,0.5097824
628,0.0026584808,0.73098844,0.06147494,0.3394897,0.73775893
629,0.36478415,0.9102948,0.66781956,0.65059066,0.71043444
630,0.39361417,0.80977905,0.26708356,0.2785397,0.2874279
631,0.8645051,0.66005534,0.780889,0.69561785,0.521484
632,0.42724743,0.5309053,0.93704283,0.18254873,0.5530056
633,0.8252418,0.561101,0.71417886,0.63180226,0.11541268
634,0.3839832,0.9980662,0.59899217,0.1160154,0.9314153
635,0.35386696,0.75013906,0.45360163,0.9681498,0.48907202
636,0.069797084,0.7386575,0.06240173,0.31846118,0.7778565
637,0.38714233,0.9254146,0.6240324,0.6542629,0.6403258
638,0.38167703,0.6768623,0.26378232,0.24828407,0.34850496
639,0.864859,0.5053826,0.34652564,0.70475525,0.47649765
640,0.41839287,0.54690886,0.9299119,0.33809617,0.6561786
641,0.7980802,0.5933351,0.6771153,0.6245432,0.1192237
642,0.37310755,0.99837285,0.57803416,0.12102853,0.98273003
643,0.37494344,0.73144746,0.39973515,0.92283165,0.5442088
644,0.026530957,0.771763,0.06314376,0.31208426,0.7440776
645,0.40149498,0.83950317,0.7019322,0.6926153,0.71186334
646,0.3817158,0.28354904,0.26759583,0.8626865,0.28517613
647,0.8759034,0.42616794,0.97096676,0.77519774,0.64131755
648,0.36765715,0.52639085,0.93511385,0.35166106,0.63488257
649,0.88247824,0.6550761,0.7278175,0.6275411,0.11925304
650,0.38374853,0.98020494,0.6068072,0.12109992,0.9698077
651,0.36728698,0.73215824,0.45697948,0.9278594,0.4566607
652,0.014705173,0.66706073,0.060358763,0.3171829,0.72473323
653,0.3892695,0.87216306,0.7223113,0.6479307,0.7638372
654,0.3817151,0.45625705,0.2683197,0.5280903,0.30792704
655,0.90033877,0.63911664,0.8998843,0.7427059,0.806564
656,0.4366293,0.5339818,0.93105334,0.37806296,0.67505276
657,0.8376718,0.623459,0.7191294,0.6174777,0.11676637
658,0.384153,0.99990004,0.5732629,0.121748246,0.9905542
659,0.33906978,0.73320353,0.461588,0.91332185,0.45365793
660,0.010271393,0.70648146,0.06325672,0.3157986,0.71317947
661,0.37015533,0.86716366,0.69708264,0.6483206,0.74956304
662,0.38171682,0.5322172,0.26714084,0.40143692,0.3006248
663,0.8966735,0.538211,0.88790977,0.73879164,0.8255675
664,0.65135854,0.11494209,0.7675502,0.47976607,0.6480574
665,0.93859804,0.9108076,0.597448,0.9178119,0.94157976
666,0.34543085,0.3864682,0.012459538,0.17375152,0.4249309
667,0.4535598,0.84900314,0.9664293,0.6094198,0.7733718
668,0.86019325,0.32271567,0.42439643,0.35372525,0.34461454
669,0.54219395,0.6517797,0.18813035,0.791656,0.05012328
670,0.13630524,0.17624202,0.67156374,0.04746564,0.5667722
671,0.19869553,0.9392419,0.122592464,0.30701482,0.7363915
672,0.6052921,0.48326227,0.5180806,0.53161293,0.1299933
673,0.7970726,0.5622771,0.84443086,0.09453664,0.45964742
674,0.39119226,0.016424157,0.26535472,0.87006766,0.90784353
675,0.28258488,0.7481012,0.71766937,0.43269026,0.25530392
676,0.87693244,0.20420392,0.17376682,0.65740246,0.8617022
677,0.7129859,0.7500116,0.44127718,0.2204553,0.53303206
678,0.119871356,0.2959896,0.918783,0.995614,0.08483604
679,0.08020578,0.80629355,0.56222296,0.7553507,0.3904118
680,0.73683953,0.2721631,0.07884227,0.030546475,0.99293697
681,0.91542214,0.6949776,0.2837439,0.5935918,0.6674397
682,0.25953323,0.22728294,0.8257088,0.31828192,0.21530621
683,0.4297268,0.5062394,0.15317932,0.8789505,0.6178852
684,0.7740982,0.040494688,0.73809934,0.15450545,0.015360098
685,0.56573236,0.99260974,0.8768371,0.7174367,0.33988822
686,0.22256538,0.46042728,0.48331758,0.44199583,0.7920218
687,0.15923077,0.65897435,0.8093731,0.20154689,0.9035976
688,0.5035786,0.13854511,0.33181408,0.9573955,0.47877827
689,0.83621395,0.8406033,0.033168174,0.39531872,0.18160243
690,0.4930992,0.36311322,0.57713914,0.6396002,0.702124
691,0.32143536,0.9033687,0.40588424,0.07722259,0.10372271
692,0.97803164,0.4239211,0.9850283,0.8331843,0.5285421
693,0.6742068,0.5966854,0.6275425,0.27123764,0.8267022
694,0.01832668,0.07430053,0.23200169,0.51514584,0.3061807
695,0.012247334,0.93294567,0.83361065,0.41708183,0.5605636
696,0.66814387,0.39478663,0.30721024,0.6730129,0.0713197
697,0.99200267,0.5677306,0.07094033,0.23606633,0.27609703
698,0.3353613,0.10381989,0.53875655,0.98000497,0.8571368
699,0.47522607,0.6294576,0.49115893,0.29140568,0.44675675
700,0.8183854,0.1674973,0.90036404,0.54722387,0.9360006
701,0.5291927,0.8697423,0.73025805,0.110147014,0.73220766
702,0.1848289,0.33353177,0.12965241,0.8544591,0.15116781
703,0.24770552,0.5314682,0.58485836,0.5938095,0.043475363
704,0.5908279,0.014823402,0.056572992,0.3693338,0.58938843
705,0.7567277,0.96699524,0.3240948,0.80726516,0.7580319
706,0.41237223,0.48547718,0.7859682,0.031854674,0.37422907
707,0.27300164,0.7812487,0.23978153,0.7202097,0.9648217
708,0.92887414,0.2977725,0.65088683,0.4953751,0.41890854
709,0.73123413,0.720652,0.97724855,0.9334203,0.2492961
710,0.074645475,0.20205103,0.38253996,0.15814109,0.63309884
711,0.098576136,0.7112602,0.020365281,0.09286176,0.8294537
712,0.44207805,0.52783525,0.94179153,0.36161667,0.74636483
713,0.8339441,0.6138307,0.7177296,0.6149745,0.11957459
714,0.12030263,0.23874989,0.29568532,0.6779979,0.8913919
715,0.3630043,0.73191816,0.44522154,0.8834589,0.54314184
716,0.002535021,0.68587166,0.06370659,0.31121674,0.66496027
717,0.38748822,0.91616905,0.742665,0.6579653,0.7108147
718,0.38171557,0.50489193,0.26782522,0.17966577,0.26175535
719,0.8950612,0.5669392,0.8342141,0.6987773,0.40773204
720,0.42015088,0.53710103,0.9391355,0.35226086,0.58177304
721,0.821182,0.60489666,0.72118735,0.63778114,0.120435655
722,0.8317594,0.6619104,0.17355065,0.33019763,0.54086304
723,0.35680893,0.72232634,0.4961597,0.8996027,0.5050645
724,0.01568376,0.725091,0.06054698,0.3084915,0.7121803
725,0.38711545,0.8215152,0.698619,0.63867587,0.7234937
726,0.38171607,0.3614499,0.26770785,0.15288901,0.29528219
727,0.89868695,0.5940025,0.9668193,0.7824842,0.7858908
728,0.2976768,0.725514,0.17426176,0.23499534,0.34551436
729,0.0034884475,0.27851897,0.30129746,0.66836065,0.13063267
730,0.9783518,0.9415788,0.9019239,0.26135775,0.8160826
731,0.844001,0.41537756,0.023899622,0.9459022,0.116089456
732,0.13479137,0.85962516,0.67913663,0.10875497,0.9224227
733,0.43093455,0.1363245,0.79843676,0.5503896,0.5825406
734,0.5810608,0.5805723,0.40484565,0.39489254,0.39347157
735,0.53821313,0.32278374,0.9631304,0.028981918,0.28054684
736,0.45058504,0.8941611,0.36441195,0.9320471,0.7120671
737,0.2481937,0.10183633,0.23815383,0.4752757,0.80970025
738,0.7699015,0.6732135,0.5906072,0.56387824,0.2454137
739,0.9042579,0.21500933,0.46789905,0.12726796,0.95119756
740,0.11689273,0.50507474,0.85958225,0.78670275,0.00821327
741,0.31733292,0.4989452,0.74096936,0.36847407,0.48084685
742,0.6706147,0.7890104,0.08773067,0.7173715,0.54106396
743,0.6258638,0.4470668,0.33486834,0.5053669,0.8465217
744,0.3541451,0.76642907,0.9940835,0.40890896,0.16086246
745,0.0877889,0.22953784,0.62405384,0.99852437,0.31318358
746,0.92542326,0.5488999,0.2031909,0.08762662,0.6317006
747,0.80684996,0.09316765,0.8320067,0.6508827,0.42538267
748,0.20355825,0.63134193,0.49700624,0.30984068,0.6152046
749,0.47186956,0.37270853,0.11923904,0.8452254,0.8925252
750,0.50924194,0.9108826,0.7080667,0.19362311,0.08556207
751,0.6224001,0.18429652,0.14232802,0.32784644,0.21307386
752,0.39752588,0.5992473,0.5611908,0.7269939,0.77770895
753,0.16046643,0.40475518,0.93004686,0.17647259,0.7425143
754,0.82625633,0.81970614,0.27273774,0.76899284,0.3107685
755,0.94483525,0.291094,0.6451426,0.45340374,0.5111736
756,0.044699043,0.9873567,0.058315177,0.6167562,0.45031232
757,0.2798071,0.008623439,0.43481454,0.04227762,0.04011818
758,0.739024,0.7048864,0.767909,0.8872574,0.98386776
759,0.73307043,0.26245835,0.19442971,0.14981395,0.48968562
760,0.25481212,0.95883477,0.6016165,0.8112152,0.5499251
761,0.05437138,0.04492939,0.98337114,0.34611154,0.96004295
762,0.9667142,0.7413056,0.31438607,0.6930425,0.017067732
763,0.8325141,0.15080772,0.6894784,0.0064362846,0.78534395
764,0.18576775,0.5658741,0.10650679,0.907535,0.22106364
765,0.38815954,0.4303486,0.48037294,0.49763858,0.25618196
766,0.60082537,0.84541476,0.8173232,0.5882076,0.6877256
767,0.5186691,0.11884394,0.25024936,0.95666796,0.57577026
768,0.49350527,0.6569026,0.9212337,0.11367467,0.38669226
769,0.19736153,0.3393026,0.54065365,0.5396843,0.109325826
770,0.7816099,0.8773615,0.13155986,0.39003327,0.91563666
771,0.9158118,0.48351496,0.7552468,0.8245818,0.15316644
772,0.06597093,0.8027635,0.41629732,0.23007503,0.83859295
773,0.3601597,0.2010444,0.043697957,0.67906535,0.68622607
774,0.65092003,0.5202932,0.6285766,0.26621643,0.3680333
775,0.6766249,0.24510972,0.88729954,0.44868192,0.0469037
776,0.4345658,0.52442545,0.9312914,0.31501183,0.6305581
777,0.81717575,0.61447465,0.6999663,0.6199849,0.14526784
778,0.67349994,0.016943624,0.9750762,0.48206303,0.581982
779,0.35536605,0.70039445,0.4063334,0.9056245,0.52014744
780,0.07121242,0.69764626,0.06265266,0.31337926,0.7130784
781,0.38704526,0.88831973,0.6964291,0.6466716,0.7163444
782,0.5251933,0.4735558,0.24920991,0.9618486,0.4940778
783,0.90410656,0.57169694,0.8001333,0.7425045,0.63437194
784,0.44071698,0.52810216,0.9266873,0.3554433,0.63061374
785,0.8203258,0.57342887,0.75281245,0.6199105,0.1178448
786,0.44704092,0.77226436,0.7790129,0.47854957,0.91007113
787,0.35560068,0.76591396,0.4521719,0.94750696,0.5110983
788,0.015469362,0.72457993,0.06415291,0.3960274,0.70312816
789,0.38610455,0.9307834,0.7022486,0.6746226,0.75675833
790,0.5149087,0.57314223,0.13608687,0.74050134,0.42007017
791,0.8401505,0.55479205,0.90413314,0.8444744,0.678315
792,0.40887266,0.19165802,0.5649637,0.35533437,0.11171656
793,0.08531136,0.5295066,0.78651196,0.95771885,0.47205788
794,0.939042,0.37126747,0.47616047,0.20868574,0.8136412
795,0.8562918,0.7105986,0.67119306,0.7296939,0.3283206
796,0.24423273,0.42747635,0.107150115,0.47870386,0.98679835
797,0.26555055,0.85917425,0.26012608,0.8333499,0.5971592
798,0.64954984,0.013489448,0.94596684,0.08238276,0.1886814
799,0.7370881,0.6205283,0.38315806,0.4260154,0.04799308
800,0.34769008,0.27484393,0.8229348,0.67697495,0.6439709
801,0.14256486,0.9404591,0.5442269,0.01007105,0.7523648
802,0.7570319,0.15733632,0.23411623,0.7610687,0.40638706
803,0.91644514,0.7603394,0.913481,0.30255485,0.9230788
804,0.059324235,0.10210067,0.34919155,0.55159557,0.26899546
805,0.44657573,0.67478204,0.0023986613,0.13646512,0.12740129
806,0.59327984,0.45398477,0.6879929,0.8854677,0.5314845
807,0.6018021,0.6429429,0.84742904,0.84853417,0.85861814
808,0.49896684,0.48463753,0.40741575,0.099501304,0.45062867
809,0.010762969,0.7912134,0.19418019,0.71342206,0.09029932
810,0.90409315,0.07046755,0.5040391,0.46441212,0.74828887
811,0.7973993,0.9722977,0.32517037,0.9736774,0.23354745
812,0.16237848,0.12668405,0.88871974,0.22271052,0.5756189
813,0.33173683,0.58965474,0.7284324,0.5892592,0.96524805
814,0.6928605,0.3064766,0.042113442,0.3382694,0.37317646
815,0.6705078,0.82757163,0.60540336,0.18164843,0.38886
816,0.3050173,0.044393975,0.16514257,0.93264586,0.7934316
817,0.20081395,0.74122083,0.45213935,0.25433156,0.6850572
818,0.8392861,0.3956067,0.7617508,0.50529087,0.030485738
819,0.9904107,0.56110877,0.06721402,0.058531255,0.51385415
820,0.094611466,0.3403634,0.63100517,0.8075336,0.16836461
821,0.39559,0.881833,0.97046095,0.38038224,0.30994108
822,0.50376296,0.22352718,0.2843837,0.6294227,0.90543056
823,0.5267513,0.50260663,0.52371913,0.28241846,0.149311
824,0.38834888,0.3444219,0.21360846,0.5314627,0.55730057
825,0.11755008,0.93240035,0.43491578,0.15563679,0.9176408
826,0.98297465,0.211778,0.87469256,0.90464294,0.25965136
827,0.8162348,0.8626364,0.054156512,0.40710402,0.7743928
828,0.20811826,0.016897302,0.73975074,0.6580595,0.43232122
829,0.28213757,0.6984654,0.8929731,0.029978478,0.042681195
830,0.6778842,0.41516852,0.32868364,0.78097206,0.6347527
831,0.71656764,0.9683614,0.7660041,0.7498413,0.6190651
832,0.32328817,0.18506403,0.45565262,0.49885526,0.2144936
833,0.18649419,0.6015259,0.17718561,0.81419015,0.3228865
834,0.78927493,0.2557873,0.6167216,0.06322706,0.97745806
835,0.8803264,0.6703176,0.31188387,0.6232755,0.49408966
836,0.019270618,0.44969478,0.9977246,0.37426174,0.8395791
837,0.47491437,0.7715294,0.6506853,0.93783003,0.6979841
838,0.6098635,0.11334513,0.086642385,0.18879333,0.10249455
839,0.56955767,0.8034,0.49608463,0.045948558,0.28900418
840,0.40904963,0.567404,0.9408402,0.37055743,0.6219357
841,0.7107921,0.46415585,0.993922,0.3331033,0.64649475
842,0.22352885,0.12981859,0.82536423,0.6032562,0.8298979
843,0.3467634,0.7326363,0.4525064,0.91476995,0.5340096
844,0.0012418396,0.66907924,0.06363908,0.32686472,0.72131413
845,0.37408775,0.8835647,0.70259553,0.7075236,0.76009536
846,0.9214629,0.8726758,0.23790672,0.6116041,0.7519759
847,0.8571371,0.44593853,0.8979769,0.7709051,0.613034
848,0.43782675,0.5627146,0.88773465,0.38249862,0.62178004
849,0.73695004,0.46336553,0.9491552,0.16261956,0.66803145
850,0.80466175,0.39704996,0.9076048,0.6672941,0.46903494
851,0.31277508,0.7318458,0.4542609,0.9555173,0.53470176
852,0.016470958,0.69000804,0.06361693,0.3297656,0.711274
853,0.38872528,0.91834044,0.702269,0.6088372,0.7100652
854,0.9542775,0.913759,0.20370133,0.5928221,0.7149383
855,0.8612636,0.7393245,0.90238476,0.74285084,0.6129187
856,0.44415903,0.56078947,0.93823105,0.36252877,0.62613785
857,0.64855313,0.43849254,0.88228065,0.5308051,0.5651916
858,0.36338258,0.61498487,0.7007432,0.2587481,0.63748026
859,0.34990895,0.73189974,0.45264128,0.956557,0.48596933
860,0.009422608,0.6640987,0.06566622,0.3057856,0.7151812
861,0.3885368,0.88527316,0.68169975,0.6853783,0.72016126
862,0.78167,0.8378094,0.07516443,0.85732937,0.6756265
863,0.9131228,0.55402666,0.9114231,0.6282408,0.5790706
864,0.4305915,0.5590588,0.94283235,0.3530318,0.62215847
865,0.6957427,0.47691762,0.7758147,0.47922808,0.70909035
866,0.96921164,0.03957333,0.6549804,0.42352533,0.80271626
867,0.34461594,0.7356909,0.45012647,0.9576322,0.53305066
868,0.010387342,0.7116805,0.09361234,0.35748088,0.7188265
869,0.38861385,0.87492263,0.701816,0.6785052,0.8097465
870,0.8533891,0.89089245,0.259042,0.6331073,0.7453341
871,0.8838539,0.55273414,0.8979854,0.6855523,0.6110043
872,0.42777988,0.52100813,0.9333357,0.3567713,0.620967
873,0.6902003,0.39612,0.8044574,0.41938508,0.58863354
874,0.98844373,0.16179244,0.46429542,0.22465613,0.80141884
875,0.3470068,0.7335127,0.4555587,0.9576939,0.58094734
876,0.009845782,0.70588934,0.07644064,0.29221767,0.7173819
877,0.3852583,0.8809705,0.7019427,0.62066174,0.69069064
878,0.9192301,0.75457346,0.2758007,0.42316955,0.72826767
879,0.9023982,0.5847319,0.9100828,0.79405785,0.6064981
880,0.42745045,0.5349554,0.93946695,0.3531055,0.6208323
881,0.67456,0.53735244,0.7605842,0.4837604,0.5959764
882,0.980988,0.083202615,0.778988,0.63714147,0.9688103
883,0.31754372,0.7366212,0.4554292,0.9147589,0.5265031
884,0.009402106,0.69830203,0.061224036,0.36947605,0.71222585
885,0.37490734,0.88807994,0.7016539,0.64645505,0.718373
886,0.89940476,0.8894932,0.3528348,0.7303115,0.56716585
887,0.9111059,0.60953563,0.899239,0.664147,0.55670583
888,0.069679834,0.8017859,0.54650897,0.5784453,0.36864915
889,0.46124345,0.47106922,0.900704,0.4739,0.109128974
890,0.87701267,0.71323544,0.11642885,0.9971217,0.94792944
891,0.75946915,0.2796172,0.7279504,0.13559346,0.24754798
892,0.3319621,0.5374389,0.25390956,0.643137,0.8363523
893,0.20010355,0.23540796,0.17377853,0.28860304,0.57682824
894,0.64718765,0.9463324,0.8404311,0.8123052,0.48021537
895,0.72852373,0.41677293,0.030237101,0.688922,0.28401124
896,0.1722325,0.6433223,0.98790526,0.21215716,0.63257736
897,0.2962328,0.06797686,0.56878406,0.8556301,0.89161277
898,0.8642885,0.8726737,0.41700882,0.36365208,0.050855443
899,0.99874055,0.18124284,0.8020885,0.50362116,0.7536632
900,0.4110506,0.87653416,0.21117267,0.027337048,0.16290967
901,0.058473155,0.33475694,0.35723692,0.92082137,0.4219413
902,0.5954582,0.6082118,0.6256277,0.42834738,0.5205112
903,0.5687864,0.36712912,0.9439623,0.27994114,0.9883016
904,0.027528187,0.5780835,0.04292687,0.7567277,0.079181075
905,0.37815207,0.14909954,0.40432417,0.17574473,0.3201465
906,0.96230274,0.90689135,0.6127174,0.6677134,0.72145844
907,0.83090293,0.098272525,0.23168509,0.46524578,0.4580947
908,0.25832987,0.84046984,0.7503274,0.9415363,0.6094028
909,0.14800091,0.38670614,0.67739844,0.11056487,0.850372
910,0.70099694,0.675755,0.3367194,0.60301435,0.19124767
911,0.6732497,0.20332713,0.5260142,0.89821106,0.010468084
912,0.22970498,0.9767511,0.49197575,0.39019728,0.9215456
913,0.3635172,0.3119269,0.06467576,0.55722874,0.6810648
914,0.79529744,0.5072491,0.9212087,0.034001596,0.27780363
915,0.911986,0.4408179,0.29786542,0.8330274,0.5426472
916,0.49951193,0.7454846,0.715243,0.32549417,0.38938224
917,0.094276845,0.043186132,0.8531286,0.7425372,0.14890522
918,0.55745584,0.7697656,0.12982754,0.21881425,0.80997896
919,0.5343624,0.4888733,0.600616,0.5243215,0.42121732
920,0.118592456,0.699824,0.38518083,0.00065898895,0.5100177
921,0.4750762,0.027122667,0.062129814,0.9274643,0.7778425
922,0.9337386,0.7849258,0.9560165,0.41986966,0.18122572
923,0.8042913,0.22635669,0.32485592,0.7130365,0.88891613
924,0.35720652,0.96856534,0.65800476,0.18987,0.042303167
925,0.23711242,0.2583893,0.7697683,0.8666714,0.31012413
926,0.66462016,0.54743445,0.24348895,0.35859597,0.64892834
927,0.70718557,0.08141892,0.9328409,0.14213558,0.5800129
928,0.1391291,0.85483897,0.08429594,0.6345234,0.48925552
929,0.26708147,0.43360242,0.4723036,0.309408,0.22094654
930,0.82337344,0.6289362,0.51443684,0.7857592,0.81951255
931,0.9381092,0.31255445,0.14121418,0.081338815,0.11034189
932,0.40112343,0.6172327,0.8729915,0.5732461,0.9589117
933,0.005653506,0.17121688,0.69532526,0.4981268,0.69059896
934,0.5933442,0.89779246,0.28653073,0.9749738,0.34984535
935,0.61745304,0.13907358,0.09699559,0.82650703,0.13205114
936,0.09684725,0.7884321,0.8055383,0.35837072,0.038015656
937,0.31371358,0.27373168,0.7410855,0.84471095,0.37463045
938,0.91875416,0.6931284,0.118873,0.1291443,0.7467393
939,0.8402855,0.48283073,0.8838487,0.5593053,0.4192167
940,0.42334,0.55067927,0.2562613,0.46142206,0.54535294
941,0.14412601,0.012644234,0.1957148,0.95945877,0.86622447
942,0.62343603,0.95457816,0.56939524,0.049537137,0.23848595
943,0.5322419,0.3631613,0.017388683,0.38493234,0.064306006
944,0.2001639,0.6703449,0.65494037,0.60833055,0.94036597
945,0.48328415,0.14206403,0.8287679,0.09465574,0.6519691
946,0.7529976,0.8251622,0.46856117,0.8790624,0.2740932
947,0.98797566,0.10094851,0.54635626,0.3092501,0.57155603
948,0.27964833,0.9324393,0.15636818,0.7113402,0.44770753
949,0.058875747,0.38064095,0.35753945,0.2093919,0.14355977
950,0.70481175,0.5862153,0.970185,0.79949695,0.7658365
951,0.71888286,0.43114477,0.68000335,0.988227,0.7164818
952,0.013492874,0.59857345,0.05391008,0.0226604,0.34238917
953,0.29664943,0.089751035,0.49336287,0.52462417,0.007727853
954,0.93966335,0.8812632,0.8655506,0.49799567,0.87976044
955,0.7993515,0.16968347,0.13173142,0.8178347,0.20819837
956,0.4682425,0.8596799,0.5092864,0.15791303,0.8340142
957,0.24749462,0.3274849,0.9448329,0.6715723,0.5150961
958,0.51622385,0.6433959,0.32118487,0.32368913,0.38697612
959,0.5781211,0.04715779,0.7794396,0.23818687,0.3063345
960,0.1582536,0.9821941,0.39185935,0.7725935,0.6822266
961,0.3750952,0.45588523,0.0930318,0.27454227,0.9725765
962,0.85734254,0.515007,0.70326716,0.7479405,0.09459381
963,0.903645,0.2860933,0.28181168,0.06775277,0.79804677
964,0.36001155,0.74363637,0.921836,0.90785784,0.17384733
965,0.08076124,0.19377162,0.59566474,0.42153218,0.4799481
966,0.68677074,0.77723116,0.23298298,0.5736222,0.60181284
967,0.6655827,0.2571505,0.84503394,0.29618478,0.13675918
968,0.06688411,0.7137302,0.48262948,0.698786,0.7648801
969,0.35000816,0.22441018,0.031457037,0.19292372,0.58428264
970,0.8863346,0.8049533,0.6712064,0.78250235,0.4584659
971,0.8702598,0.019462457,0.3436537,0.40019482,0.62947863
972,0.39730313,0.95155185,0.9536141,0.6221053,0.25744697
973,0.17652674,0.4857951,0.5297854,0.112344526,0.09260038
974,0.58709973,0.543923,0.1424824,0.89825416,0.9666921
975,0.50617474,0.13906229,0.6944855,0.54625547,0.851594
976,0.23010798,0.8319406,0.07056349,0.44882238,0.2297302
977,0.44697812,0.35644493,0.3811107,0.9429751,0.42412153
978,0.7854286,0.67328465,0.7589382,0.032588057,0.54832
979,0.95798224,0.4012216,0.24371873,0.6502462,0.3443177
980,0.30570427,0.56967056,0.616179,0.372191,0.72230136
981,0.02648647,0.117433175,0.9306325,0.8624152,0.9324359
982,0.7411366,0.9119188,0.30426526,0.14829054,0.05654286
983,0.6947803,0.06735555,0.10813775,0.08450277,0.48875538
984,0.5367764,0.9493282,0.18946743,0.95953315,0.4731363
985,0.99933237,0.24370095,0.43913642,0.19567515,0.113995105
986,0.37990454,0.6806571,0.6735186,0.62667936,0.58749974
987,0.3712314,0.052833658,0.042643126,0.36383003,0.23493776
988,0.75629175,0.6166099,0.8395101,0.8099706,0.7164962
989,0.7153668,0.31540114,0.58596706,0.03488247,0.8256525
990,0.16294982,0.7534565,0.289085,0.6038784,0.34407616
991,0.2332716,0.14508116,0.71305877,0.81541336,0.420839
992,0.6450636,0.70887274,0.41619194,0.2608513,0.8787337
993,0.82661355,0.4691874,0.16553284,0.5212872,0.5186319
994,0.3009282,0.9072274,0.96241504,0.09000966,0.06075508
995,0.45022252,0.29676846,0.31594533,0.9151482,0.64769214
996,0.92902535,0.857996,0.5503123,0.4697101,0.18175584
997,0.6070944,0.08889223,0.7970363,0.74821275,0.2918426
998,0.023435177,0.5258332,0.06265421,0.17949045,0.7577911
999,0.04655927,0.10213065,0.37625024,0.022107065,0.61269957
1000,0.58395565,0.54091793,0.73561704,0.5930332,0.09206074
1001,0.8896492,0.27779558,0.9872241,0.31404442,0.45167473
1002,0.48958394,0.8408389,0.12784189,0.75825477,0.9722957
1003,0.2621645,0.4569122,0.52433974,0.24732998,0.3229197
1004,0.8653625,0.8931364,0.3524728,0.67640394,0.8511118
1005,0.6687997,0.16309465,0.1047436,0.41645798,0.74151284
1006,0.2095208,0.7250399,0.7766257,0.97224754,0.21330851
1007,0.15483879,0.36075932,0.22794421,0.69842714,0.020296555
1008,0.7234927,0.79696834,0.899811,0.12777458,0.55655754
1009,0.8106805,0.005403136,0.65115106,0.9023728,0.91521
1010,0.3168575,0.56736356,0.47926885,0.45886493,0.3789612
1011,0.43490574,0.19738337,0.8601114,0.53207135,0.7939621
1012,0.944346,0.6361553,0.00074448064,0.10272403,0.25014782
1013,0.52927744,0.43650955,0.25334334,0.8670682,0.14148034
1014,0.10125607,0.9995682,0.61272544,0.31057587,0.6853125
1015,0.1109284,0.21982178,0.14068595,0.93606174,0.29816914
1016,0.5114841,0.65665585,0.96880287,0.49158412,0.7777771
1017,0.95432377,0.39646322,0.7223,0.72821474,0.6374185
1018,0.41741735,0.9575535,0.3941679,0.15657884,0.1577979
1019,0.3303789,0.33830565,0.75941753,0.833381,0.508422
1020,0.78916776,0.77648306,0.11880072,0.2778587,0.03685525
1021,0.7371974,0.045464735,0.3691774,0.50228196,0.4272293
1022,0.13350895,0.609363,0.5098096,0.07391778,0.8987777
1023,0.18818668,0.49306825,0.4923189,0.34676254,0.8349462
1024,0.6825001,0.9312303,0.6329358,0.791941,0.3709661
1025,0.84384555,0.13673544,0.886288,0.05091237,0.22958547
1026,0.2756816,0.7006491,0.24565588,0.62282354,0.6935839
1027,0.4720989,0.06598986,0.59525025,0.38373783,0.10858471
1028,0.8996303,0.50280875,0.26713344,0.93855953,0.56452364
1029,0.5661656,0.30413952,0.017716095,0.21852668,0.9558888
1030,0.056234937,0.865245,0.8458483,0.6466154,0.49996254
1031,0.0017393995,0.25476924,0.6594615,0.55400544,0.13615341
1032,0.46987474,0.5308532,0.93605,0.31647363,0.62223524
1033,0.7275412,0.35217792,0.8601091,0.3835827,0.670678
1034,0.6161048,0.13520181,0.6723154,0.3485365,0.9656899
1035,0.29791334,0.8451372,0.89586705,0.36936146,0.44074956
1036,0.0011261838,0.36703783,0.34280014,0.9213262,0.5576324
1037,0.8751977,0.36141708,0.94307804,0.5153381,0.32298112
1038,0.9169378,0.8813082,0.26170737,0.6677108,0.74856955
1039,0.89180064,0.57339406,0.89770246,0.7991493,0.6733342
1040,0.43876693,0.57961905,0.93432707,0.35824856,0.6225951
1041,0.4657849,0.38809603,0.8964872,0.4270085,0.78090775
1042,0.54452264,0.544865,0.50844115,0.17808627,0.8471031
1043,0.35072115,0.59994596,0.93820107,0.7257274,0.37142643
1044,0.004554017,0.41669568,0.25527263,0.5948683,0.8847278
1045,0.85263824,0.43222,0.8714891,0.5266715,0.19721346
1046,0.76354694,0.86706835,0.2687493,0.59779656,0.6000504
1047,0.91995,0.5646556,0.89892876,0.7404864,0.6127115
1048,0.7096603,0.8179744,0.23308514,0.25080985,0.8828575
1049,0.83349,0.4444809,0.28906053,0.88527095,0.5921702
1050,0.30228823,0.7475341,0.83616453,0.16223752,0.1790054
1051,0.46606496,0.33605665,0.104706936,0.6968406,0.6301784
1052,0.9352619,0.59596,0.52049524,0.47383675,0.10584092
1053,0.5610123,0.21971792,0.9664843,0.8587849,0.43168458
1054,0.092343956,0.963508,0.40861106,0.06616472,0.83120507
1055,0.040005527,0.42721543,0.75678515,0.4318827,0.9392295
1056,0.57032144,0.6398148,0.36837125,0.64707404,0.28995338
1057,0.94902444,0.013265463,0.17225999,0.02811692,0.24854892
1058,0.4172077,0.8044781,0.7027591,0.7972996,0.5231303
1059,0.31635797,0.14324836,0.49671882,0.34362143,0.036801286
1060,0.78420347,0.9149928,0.87832314,0.61277646,0.6997217
1061,0.6570185,0.2913101,0.5724697,0.24333034,0.7762823
1062,0.18772936,0.5156913,0.052679062,0.9585513,0.4880568
1063,0.22477138,0.250947,0.32491776,0.81507343,0.12856828
1064,0.63171035,0.5572675,0.80024624,0.10745044,0.60404795
1065,0.7549452,0.17978953,0.744268,0.7229892,0.9344544
1066,0.3495071,0.8772233,0.13075867,0.44623816,0.3337915
1067,0.38787118,0.03820985,0.928613,0.91334397,0.85136884
1068,0.9822825,0.7787937,0.4464213,0.13662061,0.38953328
1069,0.6074991,0.40601724,0.00042745564,0.50167274,0.08647069
1070,0.014531404,0.6617378,0.62471366,0.29402015,0.6734893
1071,0.117771365,0.197543,0.21403764,0.20793255,0.5344434
1072,0.523851,0.9844545,0.66104245,0.9924684,0.19766918
1073,0.90198964,0.36197743,0.8571585,0.36142585,0.27735847
1074,0.4954463,0.5712523,0.26805893,0.59251595,0.98943794
1075,0.2691552,0.48199823,0.5327063,0.04790301,0.44451708
1076,0.8627014,0.7107415,0.092503466,0.7789635,0.7949356
1077,0.7350131,0.083444394,0.39835975,0.3984095,0.74258995
1078,0.14093834,0.8585744,0.9767432,0.682973,0.016866365
1079,0.12674193,0.45812187,0.14992274,0.32339868,0.7504316
1080,0.71996236,0.7336484,0.72485983,0.6011234,0.4778969
1081,0.8466283,0.10741958,0.795971,0.23228785,0.061736472
1082,0.2519833,0.83558285,0.32894894,0.9389391,0.70908815
1083,0.47929668,0.23708202,0.5974892,0.4206857,0.22276103
1084,0.8849856,0.9458992,0.027407844,0.6273722,0.5129073
1085,0.5097309,0.3224149,0.45826116,0.008048644,0.9642239
1086,0.10255255,0.60984534,0.91652906,0.7857362,0.29926082
1087,0.030745812,0.030935,0.26378933,0.7162165,0.40681222
1088,0.62456787,0.78705215,0.861184,0.4860925,0.8220197
1089,0.9963453,0.41339082,0.6802085,0.87067425,0.65608835
1090,0.40303272,0.6533947,0.1946275,0.0851742,0.11618596
1091,0.36376843,0.30513442,0.98858505,0.55520207,0.56735706
1092,0.77006096,0.50211054,0.3862738,0.26966485,0.16976102
1093,0.64772636,0.12557852,0.06528463,0.9047365,0.3708487
1094,0.24188611,0.9324179,0.55968106,0.17464778,0.8931395
1095,0.20473708,0.1661478,0.81675446,0.037087284,0.72162396
1096,0.41659898,0.62290084,0.15204307,0.6749594,0.024029896
1097,0.67981577,0.4171868,0.94595766,0.52921367,0.754539
1098,0.30697122,0.31921712,0.7650635,0.66991055,0.48474187
1099,0.30249742,0.5583359,0.98747104,0.49255475,0.5225672
1100,0.046519205,0.28420076,0.2457485,0.8790315,0.78717875
1101,0.8951167,0.33651102,0.98018384,0.51898795,0.32871282
1102,0.67443544,0.86461264,0.16746451,0.51808333,0.6685275
1103,0.89595824,0.57524604,0.8934195,0.7567769,0.6657276
1104,0.7464123,0.91325724,0.22061957,0.6590057,0.14886644
1105,0.7848354,0.42051047,0.8888773,0.324739,0.4752744
1106,0.9870609,0.123607144,0.66297966,0.36248115,0.79963523
1107,0.23669253,0.64826924,0.8827641,0.55325174,0.3719712
1108,0.50458074,0.4823774,0.15366305,0.6316527,0.28050566
1109,0.8347749,0.14151587,0.9522831,0.46942943,0.1838568
1110,0.55605966,0.86712337,0.27699593,0.58938897,0.62356377
1111,0.90025645,0.5575279,0.8876517,0.761395,0.6173341
1112,0.92624575,0.75838524,0.14271843,0.85257757,0.50920653
1113,0.3816951,0.41234037,0.8571929,0.3905922,0.6615845
1114,0.91710675,0.031763352,0.5395983,0.27736247,0.62207425
1115,0.39310503,0.7224487,0.96722907,0.8851497,0.27296892
1116,0.09086032,0.5571068,0.06372604,0.653911,0.5280881
1117,0.76440364,0.7979285,0.9201472,0.6493138,0.73571527
1118,0.84626734,0.86576086,0.1681728,0.62388575,0.7250351
1119,0.8995876,0.58879066,0.9248423,0.7458673,0.6202763
1120,0.73426235,0.832296,0.26612502,0.8189561,0.27341086
1121,0.60932934,0.42055485,0.82356393,0.41992456,0.8063431
1122,0.66885114,0.061024193,0.67115664,0.42413425,0.71290064
1123,0.23695427,0.80338037,0.8765831,0.3785277,0.28757936
1124,0.2937185,0.5073938,0.23228362,0.637231,0.7032987
1125,0.6421374,0.5532714,0.9103752,0.62976134,0.83466744
1126,0.8050511,0.8699964,0.25154188,0.58892083,0.52304584
1127,0.93829453,0.5877725,0.899502,0.7086539,0.6193185
1128,0.9479324,0.62894946,0.22484508,0.7957159,0.2647495
1129,0.6178255,0.39599404,0.7190541,0.5161444,0.62450844
1130,0.5884074,0.34782466,0.5151275,0.47442377,0.9250362
1131,0.24046087,0.64957404,0.99477386,0.3693124,0.34253788
1132,0.61299425,0.44100875,0.4754857,0.46631292,0.83346474
1133,0.6752795,0.76333225,0.89661187,0.565727,0.81868476
1134,0.8680664,0.8666726,0.2816813,0.5961081,0.73413604
1135,0.8929678,0.5840854,0.89973,0.82631654,0.54673284
1136,0.67885524,0.76503015,0.5153775,0.9557549,0.3591178
1137,0.48776627,0.3450778,0.8921851,0.39363122,0.73044145
1138,0.9935291,0.021051668,0.6826173,0.5989543,0.71492624
1139,0.26942945,0.83489263,0.8362757,0.46747863,0.4473315
1140,0.13075364,0.34249058,0.4073733,0.669801,0.7054987
1141,0.7162401,0.5412744,0.91686803,0.5993774,0.7627565
1142,0.7968466,0.94817656,0.2753355,0.8055929,0.5463528
1143,0.872884,0.5874728,0.9014502,0.75779116,0.61404884
1144,0.75265455,0.8451338,0.28311172,0.90028536,0.26494738
1145,0.43977922,0.3493328,0.8240969,0.4450392,0.7652758
1146,0.93292016,0.038070504,0.57613707,0.60312617,0.8316877
1147,0.26796022,0.8137313,0.9696583,0.35309637,0.29248714
1148,0.25381327,0.508845,0.3682214,0.70107985,0.95029044
1149,0.64646864,0.57467574,0.9226317,0.5596064,0.84935415
1150,0.7513247,0.9848365,0.2689942,0.5906944,0.6292214
1151,0.8980238,0.59245723,0.89889,0.7280776,0.6228986
1152,0.72725797,0.7793174,0.31279752,0.9592233,0.24844766
1153,0.53797156,0.3981005,0.87377685,0.46650004,0.72541285
1154,0.98797286,0.1700989,0.6615104,0.44197857,0.711801
1155,0.2993338,0.82080215,0.9883032,0.39856088,0.2889372
1156,0.33421975,0.2913979,0.10521035,0.4922179,0.65953356
1157,0.17602353,0.5444849,0.92889565,0.9279252,0.6629532
1158,0.78850466,0.9326767,0.25100824,0.42440218,0.5796012
1159,0.9058833,0.5880851,0.8976743,0.7589451,0.60959315
1160,0.8264934,0.9427418,0.2541128,0.90619105,0.18361636
1161,0.3718351,0.4304436,0.92464846,0.41431773,0.7725352
1162,0.7494825,0.0053609796,0.69192564,0.43362087,0.8581433
1163,0.23716384,0.81088173,0.808671,0.3372608,0.29585254
1164,0.04160325,0.3815718,0.41257232,0.65653837,0.85294634
1165,0.7026975,0.10572456,0.8550168,0.36332265,0.9548441
1166,0.76656467,0.9016749,0.25808415,0.6481663,0.53452224
1167,0.87559354,0.5975545,0.89674634,0.7513615,0.6239034
1168,0.8174424,0.8202108,0.33830318,0.8903842,0.16370177
1169,0.5510254,0.48834422,0.89522123,0.83382356,0.91997385
1170,0.9780519,0.026214443,0.9513035,0.34244716,0.98345655
1171,0.28750077,0.86301017,0.960974,0.34840596,0.17750804
1172,0.22179909,0.27457222,0.36567998,0.792271,0.93746287
1173,0.7264263,0.7666792,0.9241545,0.84725165,0.7809427
1174,0.77827567,0.84344673,0.26700383,0.5968137,0.58532435
1175,0.9016492,0.5938755,0.89764154,0.75084877,0.5742698
1176,0.05577086,0.22201656,0.59748507,0.16525617,0.26896286
1177,0.3836134,0.5276281,0.8212122,0.9994503,0.09703622
1178,0.9807774,0.2514275,0.07864338,0.33945006,0.7313839
1179,0.8676796,0.74615777,0.71944594,0.6700104,0.17158537
1180,0.27734414,0.46989617,0.4930204,0.010620361,0.531275
1181,0.16971621,0.779536,0.20691898,0.8405421,0.82831186
1182,0.69657534,0.0029375143,0.9487864,0.4924324,0.46827084
1183,0.6404707,0.5682153,0.009023536,0.08293408,0.3401791
1184,0.22982241,0.3368168,0.7669117,0.73448014,0.95693004
1185,0.33848804,0.91401774,0.55704325,0.4124014,0.6599848
1186,0.8106595,0.18240726,0.28322482,0.75266904,0.043340936
1187,0.9167955,0.8199998,0.8927774,0.24141058,0.6086213
1188,0.45146737,0.08845037,0.13510141,0.58180034,0.21927246
1189,0.12454024,0.661623,0.40759566,0.25544918,0.39135176
1190,0.52639157,0.43040758,0.6807136,0.90760547,0.78031963
1191,0.5524787,0.62857485,0.81194586,0.85964966,0.7023549
1192,0.07933778,0.4048677,0.038095586,0.45776036,0.06300638
1193,0.46969557,0.8452431,0.26194096,0.6278387,0.297557
1194,0.87936014,0.12181036,0.51986116,0.037227634,0.93652475
1195,0.76626235,0.87682015,0.16055283,0.9566077,0.49644345
1196,0.36342636,0.15320434,0.93363875,0.36660713,0.8631943
1197,0.19328316,0.59760803,0.6476556,0.53241295,0.5037814
1198,0.65764284,0.37383986,0.39001158,0.13064566,0.1371378
1199,0.72650754,0.80477834,0.57609916,0.29044878,0.015351682
1200,0.1283589,0.036298476,0.33349925,0.8882914,0.6250411
1201,0.2995398,0.71311057,0.12374908,0.21464261,0.9846065
1202,0.83421165,0.44435534,0.8504187,0.62425387,0.37456584
1203,0.9403476,0.5570218,0.4598604,0.3854508,0.80940944
1204,0.41251907,0.28844962,0.7016969,0.7951841,0.42519873
1205,0.02307669,0.96123344,0.9743093,0.11726278,0.19073959
1206,0.6124284,0.19281456,0.24791484,0.7157159,0.57508713
1207,0.59577185,0.511722,0.50889385,0.23194318,0.3784161
1208,0.0064205993,0.2668319,0.26705664,0.57173777,0.7625012
1209,0.42905074,0.9825998,0.056944057,0.28040552,0.62205285
1210,0.9568788,0.23737374,0.78333926,0.9334317,0.23758681
1211,0.8193736,0.76411784,0.3926477,0.07651703,0.6719439
1212,0.2847022,0.018830692,0.6352464,0.7291769,0.06213594
1213,0.14283356,0.73081446,0.90749645,0.43454877,0.32772407
1214,0.74098176,0.48574117,0.180828,0.77348894,0.9376391
1215,0.672239,0.929436,0.8707014,0.6763988,0.8163528
1216,0.2078798,0.16651414,0.09761476,0.01595603,0.44947585
1217,0.34871095,0.58355874,0.32109773,0.81836617,0.18404037
1218,0.7515465,0.32097185,0.57874256,0.47164497,0.5505659
1219,0.89576936,0.677529,0.21930097,0.52292293,0.109971866
1220,0.4861053,0.41500312,0.99315006,0.17534731,0.7492024
1221,0.062559515,0.8358319,0.7068046,0.97446156,0.8897424
1222,0.5356999,0.07309313,0.4488856,0.31365246,0.25064853
1223,0.50996435,0.8611343,0.07596945,0.39064518,0.20367521
1224,0.6397877,0.9361747,0.25547174,0.9730547,0.24772927
1225,0.5107605,0.41988102,0.85777736,0.40310347,0.7734724
1226,0.9799978,0.3247971,0.63452923,0.44812313,0.94919467
1227,0.26005352,0.8236737,0.9259638,0.3621264,0.35160205
1228,0.25693455,0.41945764,0.18715432,0.45679143,0.8893251
1229,0.7924984,0.5967229,0.9208387,0.6141657,0.83469164
1230,0.78056884,0.87269866,0.271493,0.54501283,0.5873185
1231,0.77392966,0.45627165,0.16892585,0.1812916,0.87766826
1232,0.59770423,0.80730385,0.44841447,0.9620402,0.2660566
1233,0.51464343,0.32537678,0.9587426,0.4709776,0.7727804
1234,0.9920791,0.31122634,0.4742779,0.3970144,0.9523976
1235,0.35875833,0.8272549,0.94049466,0.3792176,0.27635515
1236,0.26340243,0.4679019,0.21175814,0.6728213,0.9099939
1237,0.5569444,0.7644663,0.9074391,0.57688606,0.76353437
1238,0.85370165,0.8771093,0.29886907,0.5943212,0.58362305
1239,0.6799297,0.4356642,0.22351275,0.19666289,0.9678825
1240,0.759814,0.9356955,0.33390772,0.7681239,0.38183135
1241,0.49528807,0.38276064,0.8917246,0.43939117,0.78492105
1242,0.988341,0.33531404,0.53522784,0.56948864,0.95219314
1243,0.19471925,0.8120504,0.9608177,0.35099506,0.29934433
1244,0.00021930285,0.4578623,0.282219,0.6080784,0.87146944
1245,0.63834554,0.7398759,0.925186,0.53012645,0.78753906
1246,0.6799332,0.8704944,0.26726583,0.5974986,0.4970618
1247,0.6704588,0.4712571,0.11811716,0.21024646,0.92364913
1248,0.6582892,0.8482007,0.3660576,0.9475754,0.25933456
1249,0.49900422,0.42035204,0.9905405,0.44597924,0.7772688
1250,0.98131204,0.32693398,0.7025138,0.54147774,0.7087573
1251,0.305903,0.77443373,0.9337354,0.42993206,0.24572797
1252,0.048667844,0.3870935,0.25155762,0.46033043,0.93468744
1253,0.67565423,0.5588731,0.87870365,0.66201127,0.83845216
1254,0.80263937,0.86557996,0.24070689,0.6186927,0.5830101
1255,0.6552049,0.48613146,0.17405286,0.29728687,0.7194069
1256,0.73489964,0.99735516,0.34602332,0.94253457,0.26146594
1257,0.4896325,0.34491843,0.9114985,0.49622568,0.77853286
1258,0.9168203,0.31149107,0.7025387,0.57436574,0.98290074
1259,0.34924805,0.81787586,0.9555925,0.28605714,0.30210373
1260,0.027766488,0.29897934,0.1214309,0.60923153,0.9509709
1261,0.67447263,0.5565127,0.92269224,0.603773,0.859824
1262,0.73551095,0.6866105,0.2320096,0.60097,0.60218555
1263,0.83653367,0.49795392,0.18842228,0.24324402,0.88553625
1264,0.71578103,0.71878076,0.15608269,0.883358,0.2966924
1265,0.4629807,0.4155769,0.88838243,0.305865,0.81978595
1266,0.994785,0.025172379,0.625845,0.45296627,0.9410621
1267,0.37881723,0.7816953,0.9038032,0.4608689,0.3030782
1268,0.024281394,0.29498312,0.19513938,0.5842402,0.8394325
1269,0.6966099,0.5681158,0.91402715,0.5554573,0.8475976
1270,0.76629853,0.9274968,0.26859486,0.5831117,0.60785556
1271,0.9089478,0.53515697,0.1753835,0.26644376,0.92471635
1272,0.6971757,0.91779184,0.269387,0.9516165,0.2717701
1273,0.49051595,0.39691153,0.86447406,0.3693949,0.7406725
1274,0.9801005,0.33164853,0.6868827,0.47231904,0.9280724
1275,0.22507472,0.82071596,0.97765476,0.28938046,0.3013775
1276,0.0038522596,0.53288347,0.22420515,0.5957586,0.91818607
1277,0.38748854,0.5407214,0.9069574,0.5529077,0.8602009
1278,0.7292811,0.84628457,0.25419927,0.5910538,0.6038768
1279,0.66603816,0.51735765,0.26319632,0.2637807,0.975168
1280,0.69687545,0.74329424,0.1509486,0.9114022,0.20708519
1281,0.46608874,0.42457062,0.8841109,0.4336807,0.732862
1282,0.96931565,0.16010109,0.64402455,0.4408947,0.9183093
1283,0.32299036,0.7682115,0.97350365,0.3426888,0.30105487
1284,0.0064781727,0.34339193,0.34180138,0.59848124,0.9675902
1285,0.5716885,0.5338325,0.9125295,0.5700724,0.8445294
1286,0.7589003,0.8614329,0.29527733,0.5902002,0.60641605
1287,0.66262865,0.4981321,0.19423911,0.24799076,0.90323174
1288,0.715343,0.84311134,0.1265019,0.985903,0.27957657
1289,0.5182128,0.38295224,0.7668534,0.49262422,0.7681298
1290,0.98297274,0.31685275,0.5976008,0.5513311,0.86063945
1291,0.38697794,0.8047256,0.94465196,0.37731558,0.27424574
1292,0.035513096,0.38547722,0.24899606,0.47135967,0.88352066
1293,0.62177414,0.4285377,0.78464633,0.8676966,0.86731386
1294,0.7843361,0.8651738,0.26031807,0.60218334,0.6238799
1295,0.7962874,0.5306463,0.21225153,0.11200661,0.92117316
1296,0.6357745,0.83672583,0.26470882,0.94780135,0.26190656
1297,0.5223546,0.40588042,0.89982283,0.44898778,0.7677861
1298,0.99672264,0.31206024,0.6043168,0.57860357,0.95089304
1299,0.21759732,0.8164664,0.9162307,0.3949396,0.29131928
1300,0.0043434734,0.43153512,0.24885017,0.58703154,0.8692173
1301,0.63348144,0.5888344,0.987164,0.5750701,0.8017525
1302,0.7547139,0.8276694,0.26889253,0.640565,0.69294417
1303,0.83516616,0.79505074,0.4389125,0.23160785,0.8465178
1304,0.71952415,0.8077606,0.36423957,0.95948714,0.31163508
1305,0.484502,0.35496953,0.86213285,0.39824003,0.77989304
1306,0.98531795,0.31922895,0.6363653,0.5031564,0.77864
1307,0.33023027,0.8178172,0.9660348,0.32743597,0.3067882
1308,0.008093223,0.5068639,0.25118667,0.5795729,0.88701326
1309,0.6381754,0.6061025,0.91075075,0.5860593,0.8076613
1310,0.7842327,0.8982173,0.26869854,0.60200626,0.54539514
1311,0.87138176,0.37925017,0.03744059,0.23426586,0.98420125
1312,0.6173364,0.9721379,0.15605737,0.9892646,0.25133225
1313,0.45744866,0.38503188,0.9269155,0.49345744,0.82171834
1314,0.99784803,0.32502607,0.65723324,0.4107462,0.9860099
1315,0.40837872,0.8221879,0.95898706,0.3551025,0.38232502
1316,0.010276656,0.46584433,0.20384699,0.5947613,0.81823957
1317,0.64641774,0.5538912,0.9248203,0.6198838,0.9177185
1318,0.7647738,0.9065806,0.26755965,0.6242094,0.59955716
1319,0.7582284,0.4344605,0.24023017,0.16806746,0.9915625
1320,0.72320145,0.97050065,0.2416879,0.96415645,0.2520652
1321,0.5117027,0.3841404,0.9664563,0.40502223,0.6776566
1322,0.92129135,0.30552155,0.63228834,0.43716082,0.99249494
1323,0.2330269,0.8106693,0.999071,0.3568986,0.30657426
1324,0.0077741006,0.42286718,0.26153606,0.5966043,0.8502075
1325,0.64945716,0.552915,0.97186434,0.6382884,0.8432135
1326,0.72669965,0.86557555,0.22529386,0.5978669,0.61028206
1327,0.90672773,0.48405102,0.10136682,0.31548038,0.8933493
1328,0.71457446,0.90734744,0.31492752,0.8913288,0.26835236
1329,0.47610793,0.38162532,0.8804538,0.36871687,0.7411649
1330,0.87900925,0.40699363,0.6187397,0.44894704,0.94521147
1331,0.26872858,0.7879749,0.9731756,0.44356018,0.34942532
1332,0.017378775,0.5020663,0.20707089,0.59424216,0.8909092
1333,0.6355459,0.56272817,0.91051304,0.53803277,0.8155604
1334,0.74306864,0.78897,0.2691241,0.5935069,0.60531086
1335,0.92392516,0.44226578,0.22448635,0.27332556,0.92536634
1336,0.6462317,0.97434884,0.22414765,0.96404773,0.19338179
1337,0.5133361,0.38788617,0.8979797,0.4424014,0.80168223
1338,0.9659114,0.34549296,0.6341626,0.45755723,0.94579905
1339,0.26707613,0.9215871,0.961981,0.32798624,0.30223647
1340,0.0071019726,0.41337097,0.17203173,0.5971906,0.8820465
1341,0.6607359,0.55794895,0.90799385,0.60715085,0.8526089
1342,0.74777675,0.8676412,0.26434478,0.6530583,0.5531552
1343,0.74980104,0.44826055,0.1907559,0.20317636,0.91967356
1344,0.58407795,0.90886486,0.2488792,0.66572964,0.23729752
1345,0.47941494,0.39297,0.99523044,0.4432807,0.7826929
1346,0.9458643,0.32650068,0.67731637,0.45746818,0.99908644
1347,0.27426112,0.7752313,0.96869177,0.38909718,0.2870044
1348,0.008682242,0.4100334,0.25624016,0.6083051,0.88891274
1349,0.64368623,0.53994954,0.9580391,0.6292731,0.81035435
1350,0.7719916,0.86755157,0.27323946,0.59567827,0.6086866
1351,0.8572262,0.48236403,0.17672184,0.17049268,0.8833471
1352,0.6400618,0.9495965,0.24536473,0.8743296,0.2548634
1353,0.45758483,0.36195505,0.8314657,0.44554973,0.7899285
1354,0.9311408,0.32560292,0.6550741,0.4521128,0.91207427
1355,0.26357827,0.8319896,0.97022,0.35294664,0.28007224
1356,0.003251899,0.41636172,0.26946083,0.6841571,0.86488444
1357,0.64051753,0.5726384,0.82743454,0.63022196,0.92205846
1358,0.75961405,0.86535156,0.2477533,0.62072265,0.6002924
1359,0.8347468,0.645067,0.19575171,0.051590197,0.8851474
1360,0.6349562,0.9125191,0.23613611,0.95113647,0.22117884
1361,0.48451793,0.4022257,0.8477621,0.42401898,0.78016365
1362,0.88932604,0.32643732,0.6367906,0.4502494,0.95716
1363,0.25306615,0.86890876,0.96910983,0.25582227,0.29453307
1364,0.0022345881,0.41746193,0.255965,0.59531707,0.8940741
1365,0.6411603,0.5426148,0.810551,0.63813055,0.8236966
1366,0.76292825,0.86679316,0.25444832,0.6259228,0.6193691
1367,0.86224526,0.6260073,0.19207463,0.1910927,0.8833766
1368,0.70393026,0.91205823,0.27067503,0.901302,0.24577168
1369,0.4762807,0.38055265,0.9344555,0.45347786,0.78436184
1370,0.9288707,0.32473487,0.6895477,0.4064381,0.9253727
1371,0.26663464,0.80179566,0.9748286,0.3481108,0.25884074
1372,0.040627193,0.4167465,0.29873776,0.59869903,0.9192834
1373,0.640871,0.55697256,0.93222296,0.62592167,0.72070384
1374,0.7639647,0.86492753,0.29679725,0.54855525,0.59930825
1375,0.82537985,0.6001181,0.19472659,0.0908164,0.8939087
1376,0.6428979,0.9786488,0.37098688,0.9538258,0.26162684
1377,0.5179567,0.38216513,0.91780925,0.4374342,0.7816241
1378,0.93393135,0.3258719,0.6649591,0.48354363,0.8527102
1379,0.24942823,0.8045224,0.96366996,0.3552353,0.2763862
1380,0.084869884,0.41677177,0.23144898,0.5915573,0.7882432
1381,0.7089646,0.5717067,0.91032696,0.63156974,0.804999
1382,0.7638338,0.86771095,0.26749805,0.5518461,0.59735864
1383,0.8202802,0.6367187,0.25303143,0.0128434645,0.88086563
1384,0.036030952,0.603492,0.2202084,0.86208355,0.7912016
1385,0.4671,0.27996215,0.26229337,0.08657461,0.64158636
1386,0.87078404,0.7562488,0.6175648,0.67758614,0.022941642
1387,0.8953458,0.48698848,0.015951034,0.29041097,0.6017575
1388,0.29805043,0.97890246,0.8482713,0.94152594,0.23407412
1389,0.19884533,0.15351437,0.63407063,0.23290388,0.33348805
1390,0.60790914,0.63083905,0.49779359,0.50293154,0.9560543
1391,0.54355925,0.32628834,0.5413674,0.92839974,0.8213586
1392,0.13425991,0.8348045,0.34243947,0.33966178,0.45172212
1393,0.36310327,0.03271976,0.17505118,0.61102796,0.11363599
1394,0.95917106,0.5559435,0.94502574,0.15313506,0.73815536
1395,0.80595267,0.20069195,0.4213993,0.7504547,0.1372828
1396,0.40299225,0.7082911,0.71432114,0.4814799,0.5108103
1397,0.09961024,0.40831736,0.8033444,0.694733,0.9236951
1398,0.6912903,0.9324552,0.06486377,0.04110036,0.30309722
1399,0.7284826,0.4001085,0.3621944,0.1901817,0.061113305
1400,0.07430625,0.8764591,0.5059485,0.5466342,0.68074983
1401,0.42845455,0.24039376,0.98046756,0.25550023,0.75376415
1402,0.76891106,0.733283,0.15531914,0.9774169,0.3792448
1403,0.9962396,0.025553506,0.7414413,0.11367667,0.9951996
1404,0.33767554,0.5028182,0.3786933,0.64951146,0.3716721
1405,0.159598,0.36494994,0.10754685,0.42526442,0.19370794
1406,0.50639343,0.8569222,0.77620137,0.8418222,0.5643058
1407,0.5668086,0.16269359,0.20039813,0.73013574,0.7130909
1408,0.22024849,0.6858571,0.9314017,0.006677908,0.091516525
1409,0.2765004,0.44631535,0.58218974,0.7936691,0.4760523
1410,0.9362919,0.95488954,0.28209603,0.43924603,0.84469706
1411,0.8298039,0.28615424,0.82120645,0.5912549,0.28096536
1412,0.48862356,0.81035584,0.058708467,0.17193525,0.89864874
1413,0.01460085,0.072854474,0.4550438,0.90081334,0.53416306
1414,0.6670613,0.5803915,0.6611431,0.36627555,0.16159682
1415,0.6747592,0.25517118,0.13130952,0.77808636,0.9189534
1416,0.022543738,0.77882344,0.98682517,0.4860708,0.29150438
1417,0.48217604,0.10432561,0.5306803,0.7147124,0.14091831
1418,0.8206717,0.6114354,0.35509846,0.053358793,0.52325016
1419,0.913229,0.13168025,0.7535761,0.91612226,0.1020651
1420,0.25270405,0.6544165,0.116566546,0.31972435,0.7334051
1421,0.2426105,0.47781727,0.40108427,0.6064638,0.8337899
1422,0.5913668,0.9858421,0.7326722,0.12546906,0.45537955
1423,0.5306786,0.057024885,0.3062753,0.30257,0.32191035
1424,0.18217309,0.53386235,0.57551754,0.961589,0.9512972
1425,0.3126285,0.33396712,0.9069695,0.23710541,0.614182
1426,0.97436535,0.82539004,0.20730902,0.5309673,0.23772475
1427,0.7604804,0.43161017,0.6840794,0.3779821,0.63685316
1428,0.42124546,0.90741146,0.4458428,0.85786295,0.011357271
1429,0.083926246,0.20938018,0.03651394,0.066477224,0.42327115
1430,0.73444134,0.7018421,0.82967997,0.66545385,0.8036499
1431,0.71291995,0.23222436,0.5948451,0.564226,0.5606865
1432,0.57804495,0.9253769,0.28210858,0.9585312,0.26381987
1433,0.44646493,0.3836316,0.89724576,0.4338423,0.7862959
1434,0.9323195,0.32457036,0.63395584,0.4827677,0.9650456
1435,0.26531687,0.8017781,0.97686875,0.458844,0.2876858
1436,0.009610302,0.41665426,0.28881806,0.6241004,0.88116956
1437,0.64210165,0.4992317,0.91394085,0.62527317,0.8757227
1438,0.0067383554,0.61798525,0.036949635,0.17244045,0.59350866
1439,0.8451475,0.6139256,0.35994953,0.03725776,0.8828928
1440,0.66304153,0.92426276,0.25508562,0.98876303,0.2549323
1441,0.49450013,0.41892898,0.9495489,0.44944087,0.7866722
1442,0.916456,0.32237422,0.65905136,0.4422584,0.89547837
1443,0.265056,0.8478903,0.97881234,0.36950368,0.283151
1444,0.00017470376,0.4094389,0.25626895,0.58513767,0.884816
1445,0.60198534,0.5540852,0.91279316,0.63168573,0.8016966
1446,0.50688964,0.5750944,0.36461622,0.7596248,0.73272514
1447,0.77157325,0.6261954,0.112048626,0.027285583,0.88722706
1448,0.64514714,0.93732995,0.29695284,0.9700197,0.26534128
1449,0.49599528,0.38957185,0.8948644,0.48004377,0.78242934
1450,0.9313881,0.2940914,0.6578059,0.44856095,0.88880646
1451,0.26272616,0.81517345,0.9215512,0.35215393,0.33247146
1452,0.00912541,0.41681027,0.2302827,0.5910622,0.8734333
1453,0.6411748,0.55585885,0.9271897,0.569429,0.80916506
1454,0.42453426,0.051938597,0.65233314,0.42751747,0.6562146
1455,0.8448127,0.6586014,0.37514746,0.011038934,0.88255364
1456,0.7195482,0.99420255,0.25371802,0.97349584,0.36113864
1457,0.48834124,0.3757925,0.8922852,0.44977108,0.7833591
1458,0.930592,0.32732767,0.65742475,0.41044396,0.9309959
1459,0.26382625,0.8954649,0.97075075,0.35405013,0.23187697
1460,0.023205819,0.41701394,0.21737622,0.5581613,0.8844932
1461,0.64294773,0.5611465,0.9203085,0.61494267,0.75407326
1462,0.17508161,0.35046917,0.6334378,0.13936147,0.7383537
1463,0.83846426,0.65578675,0.23129308,0.01492708,0.88968235
1464,0.6406804,0.93112016,0.2577655,0.9684937,0.27120835
1465,0.49860242,0.3909021,0.88960856,0.44851995,0.78488207
1466,0.9329381,0.3286988,0.65509975,0.44847634,0.86309415
1467,0.26298422,0.79780626,0.9887859,0.35365978,0.29316673
1468,0.0036785332,0.4433893,0.25521615,0.59313786,0.9144032
1469,0.6418014,0.5569208,0.9215,0.6375092,0.84636354
1470,0.64400357,0.39134073,0.7062893,0.1057423,0.6994721
1471,0.8250983,0.6511926,0.21345979,0.13224348,0.88494825
1472,0.5399179,0.13911277,0.33606863,0.5414994,0.31964886
1473,0.8595951,0.741851,0.018452495,0.2722416,0.1751834
1474,0.410741,0.30874532,0.93925804,0.7695523,0.7204935
1475,0.350653,0.6180838,0.40858042,0.16911983,0.053949982
1476,0.9254815,0.4252112,0.6106378,0.6718072,0.59920084
1477,0.7298923,0.9479937,0.80815285,0.39388484,0.8922335
1478,0.062286787,0.0012154579,0.22719386,0.8921716,0.4404903
1479,0.07532401,0.6534033,0.8846871,0.7489727,0.28715852
1480,0.6499072,0.3345557,0.08863265,0.24628186,0.86391705
1481,0.9388153,0.79614854,0.26564762,0.9380264,0.6255794
1482,0.27145463,0.22339599,0.69059753,0.43973547,0.20531343
1483,0.45941517,0.9062982,0.15674667,0.620492,0.50467706
1484,0.7527469,0.10502948,0.8629603,0.11878102,0.08435159
1485,0.5879273,0.5179159,0.5560788,0.81747836,0.4085123
1486,0.13931806,0.46274173,0.47878018,0.32017112,0.98533344
1487,0.16500671,0.53637534,0.1043274,0.41854614,0.69937724
1488,0.6214275,0.48315403,0.9316297,0.9202447,0.15479958
1489,0.7857016,0.8978719,0.737527,0.14347865,0.35419667
1490,0.48455065,0.09074309,0.28132498,0.6408078,0.804782
1491,0.30044112,0.7735845,0.8161529,0.2900684,0.4833351
1492,0.9756095,0.20669155,0.1411914,0.7927411,0.93385756
1493,0.68737656,0.666453,0.46320748,0.022937369,0.57075655
1494,0.104978055,0.34565303,0.5092583,0.5212369,0.02623813
1495,0.024989996,0.997901,0.3517612,0.8699679,0.24986717
1496,0.70040137,0.05307665,0.6827315,0.36729097,0.66940075
1497,0.8964216,0.5776898,0.9861854,0.5670302,0.83718175
1498,0.31377962,0.37895808,0.03413196,0.06872719,0.2616439
1499,0.3777148,0.68823576,0.5638325,0.9992988,0.9659262
1500,0.83437854,0.2609888,0.39302304,0.4976037,0.39032573
1501,0.51439995,0.8618963,0.21162336,0.6886726,0.12060837
1502,0.21300559,0.18074241,0.7613302,0.19134758,0.5402014
1503,0.18988149,0.7195381,0.3084612,0.60505176,0.42406616
1504,0.5222805,0.2922931,0.7274959,0.102849334,0.9693152
1505,0.8262071,0.83066833,0.9084006,0.83390003,0.5201622
1506,0.4010382,0.1495163,0.11045137,0.3351216,0.06841724
1507,0.33704036,0.96664244,0.5182651,0.7324309,0.64157313
1508,0.8881908,0.021820046,0.43907917,0.2312074,0.18976891
1509,0.7083451,0.6089007,0.13608786,0.9535868,0.3031141
1510,0.00192481,0.41017082,0.8363779,0.45579115,0.8484259
1511,0.11237031,0.8048432,0.055899076,0.18541405,0.87675
1512,0.6637642,0.23794827,0.97859365,0.68664104,0.45642298
1513,0.9994212,0.635242,0.6570554,0.37856442,0.038397834
1514,0.29275793,0.31444016,0.36326197,0.87636423,0.61521745
1515,0.47680816,0.5050729,0.76594836,0.05498448,0.15922615
1516,0.80945057,0.4518496,0.1909072,0.5571828,0.7359863
1517,0.597874,0.9291,0.38449964,0.25606754,0.7554595
1518,0.17246218,0.12196932,0.5884539,0.75484246,0.33519506
1519,0.1472437,0.875011,0.96289915,0.9841032,0.10540644
1520,0.6399691,0.9964515,0.24081054,0.9874853,0.16784059
1521,0.4945029,0.3817761,0.93997395,0.4402032,0.7848049
1522,0.92944413,0.3277692,0.6593958,0.46020654,0.9265404
1523,0.26759675,0.83559036,0.9630948,0.35439268,0.24283549
1524,0.18446828,0.584628,0.24448206,0.5022345,0.4427149
1525,0.64203274,0.5514953,0.9033072,0.6397415,0.7917303
1526,0.110338956,0.21542257,0.56004643,0.11558374,0.6346862
1527,0.83187664,0.64333904,0.15917644,0.12352622,0.902411
1528,0.59276605,0.93851006,0.2539383,0.9724386,0.2729979
1529,0.49319997,0.43763515,0.8942486,0.4367913,0.7811046
1530,0.93196815,0.2974009,0.690881,0.4546215,0.91220635
1531,0.26230335,0.8375331,0.97008836,0.35123143,0.2922292
1532,0.050403982,0.7855799,0.563146,0.9262886,0.40525138
1533,0.64269716,0.5730517,0.90391994,0.6251862,0.8381902
1534,0.78703904,0.43030554,0.30517298,0.65699214,0.602063
1535,0.8345924,0.64591545,0.19699861,0.045952212,0.9724558
1536,0.24152657,0.052214816,0.5787216,0.5706019,0.3926873
1537,0.44840822,0.72784716,0.9321597,0.36838827,0.19198346
1538,0.56841105,0.26921022,0.23555732,0.8864029,0.82294476
1539,0.6385849,0.5978387,0.65495145,0.019400978,0.018382343
1540,0.2507905,0.4051087,0.45809346,0.72000945,0.9032882
1541,0.059288066,0.81538296,0.061531145,0.4533508,0.69773966
1542,0.923401,0.17972128,0.8640132,0.7838621,0.31674582
1543,0.97163826,0.6537422,0.14881185,0.64215577,0.4538335
1544,0.109203964,0.35115644,0.9569083,0.096705325,0.5923958
1545,0.33170345,0.9332982,0.5564411,0.83053446,0.75790095
1546,0.7173313,0.06375731,0.36177957,0.40710568,0.13105167
1547,0.52090704,0.8035186,0.77920604,0.5552396,0.96711236
1548,0.39873764,0.19942687,0.08431179,0.19729348,0.0785826
1549,0.1603683,0.51569176,0.43384412,0.9955686,0.25682122
1550,0.79010624,0.47941056,0.7421733,0.2596498,0.6336418
1551,0.7568548,0.5420774,0.98265874,0.49023682,0.8727698
1552,0.13489908,0.45500666,0.16163614,0.7544835,0.23786205
1553,0.42808437,0.763467,0.32772642,0.052636325,0.41123125
1554,0.55809706,0.24139914,0.5040679,0.6947698,0.54222316
1555,0.7349604,0.87569183,0.10517894,0.34277844,0.36265683
1556,0.37280083,0.11943914,0.7812877,0.9195199,0.74753225
1557,0.06423289,0.6625111,0.69737846,0.1532277,0.9179183
1558,0.95007443,0.34040195,0.3765886,0.6078502,0.036954906
1559,0.9057823,0.8690952,0.6069248,0.9661169,0.17306225
1560,0.018201582,0.12798695,0.28784308,0.2967308,0.81159395
1561,0.29575473,0.5929262,0.200028,0.5299498,0.6031253
1562,0.6601424,0.41193804,0.88223946,0.23070087,0.4763066
1563,0.6016574,0.7054104,0.4775071,0.86357194,0.6873634
1564,0.47387284,0.28971866,0.659463,0.38169774,0.2988032
1565,0.21218802,0.98881173,0.8216484,0.6793627,0.101023294
1566,0.83240455,0.014099429,0.002822264,0.067616194,0.9778743
1567,0.8187939,0.7363855,0.5156871,0.54364264,0.2677744
1568,0.19857745,0.25874364,0.33952957,0.21694697,0.65242845
1569,0.49138966,0.9578365,0.17356047,0.98372746,0.94786793
1570,0.6191743,0.045074496,0.9941566,0.2790592,0.06711061
1571,0.67375344,0.8375704,0.39609656,0.6305594,0.77816963
1572,0.30936584,0.1595119,0.71694833,0.11635849,0.1435441
1573,0.0006842287,0.6244511,0.8009787,0.81869394,0.44185987
1574,0.888265,0.38041306,0.124565616,0.42651471,0.57258487
1575,0.96771425,0.9071552,0.89387465,0.0078040967,0.71748
1576,0.081872806,0.08797586,0.21184546,0.73966306,0.32869846
1577,0.35906717,0.6310476,0.2997835,0.44150978,0.005971945
1578,0.7212268,0.3718653,0.6184372,0.8032716,0.88302904
1579,0.54045856,0.5110409,0.022315757,0.17088403,0.20346117
1580,0.41044596,0.4860433,0.8412021,0.5902549,0.842275
1581,0.14863124,0.79450357,0.6791397,0.3565476,0.50875294
1582,0.770587,0.21036243,0.4968778,0.9058118,0.38166735
1583,0.8076236,0.77205473,0.22369325,0.84416246,0.113029346
